from_chapter,from_theme,to_chapter,to_theme
Chapter 4,Obedience,Chapter 5,Group
Chapter 4,Obedience,Chapter 5,Individual body
Chapter 4,Internalisation,Chapter 5,Hearts and minds
Chapter 4,Internalisation,Chapter 5,Bomb Night
Chapter 4,Performativity,Chapter 5,Group
Chapter 4,Performativity,Chapter 5,Bomb Night
Chapter 5,Hearts and minds,Chapter 6,Becoming
Chapter 5,Hearts and minds,Chapter 6,Belonging
Chapter 5,Individual body,Chapter 6,Breaking
Chapter 5,Individual body,Chapter 6,Becoming
Chapter 5,Group,Chapter 6,Belonging
Chapter 5,Group,Chapter 6,Breaking
Chapter 5,Bomb Night,Chapter 6,Breaking
Chapter 5,Bomb Night,Chapter 6,Belonging
