id,label,title,value,group,color.background,color.border,shape,font.size,font.strokeWidth,font.strokeColor,dominant_theme,code_frequency,clusters_represented,definition
authority_legitimacy_intent,"authority
legitimacy intent","<div style='max-width:520px; white-space:normal; overflow-wrap:anywhere; box-sizing:border-box;'><h2 style='margin-bottom:4px'>authority legitimacy intent</h2><div class='node-definition-top' style='display:block;width:100%;box-sizing:border-box;margin:0.18em 0 0.34em 0;padding:0.38em 0.48em;background:rgba(255,255,255,0.86);border-left:3px solid rgba(40,40,40,0.36);white-space:normal;overflow-wrap:anywhere;word-break:break-word;line-height:1.18;'><b>Definition:</b> Obedience depends on the subordinate’s reading of authority as legitimate, improving, reciprocal, or non-arbitrary.</div><p><b>Chapter:</b> Chapter 4<br><b>Dominant theme:</b> Obedience<br><b>Code frequency:</b> 2<br><b>Clusters represented:</b> 2</p><h3>Participant pseudonyms</h3><ul><li>Ramon Brown</li><li>Erin Sharpe</li></ul><h3>Roles</h3><ul><li>Instructor</li><li>School leader</li></ul><h3>Gender coding</h3><ul><li>Male</li><li>Female</li></ul><h3>Data sources</h3><ul><li>Focus group</li><li>Interview</li></ul><h3 class='evidence-anchor-heading'>Evidence anchors</h3><div class='evidence-anchor-list'><div class='evidence-anchor-item' style='display:block;width:100%;max-width:100%;box-sizing:border-box;margin:0.14em 0 0.24em 0;padding:0.38em 0.48em;background:rgba(255,255,255,0.86);border-left:3px solid rgba(40,40,40,0.30);white-space:normal;overflow-wrap:anywhere;word-break:break-word;line-height:1.18;'><b>Ramon Brown:</b> discipline requires “you conforming and not just you teaching someone to conform”</div><div class='evidence-anchor-item' style='display:block;width:100%;max-width:100%;box-sizing:border-box;margin:0.14em 0 0.24em 0;padding:0.38em 0.48em;background:rgba(255,255,255,0.86);border-left:3px solid rgba(40,40,40,0.30);white-space:normal;overflow-wrap:anywhere;word-break:break-word;line-height:1.18;'><b>Erin Sharpe:</b> “If the instructor said jump, I would want to know how high”; “intent to make me better”</div></div><p style='font-size:12px'><i>Node detail is drawn from the existing interactive network, with group-specific nodes collapsed into one chapter-level code node.</i></p></div>",2,Obedience,#214f9b,#222222,dot,20,4,#ffffff,Obedience,2,2,"Obedience depends on the subordinate’s reading of authority as legitimate, improving, reciprocal, or non-arbitrary."
authority_maintenance,"authority
maintenance","<div style='max-width:520px; white-space:normal; overflow-wrap:anywhere; box-sizing:border-box;'><h2 style='margin-bottom:4px'>authority maintenance</h2><div class='node-definition-top' style='display:block;width:100%;box-sizing:border-box;margin:0.18em 0 0.34em 0;padding:0.38em 0.48em;background:rgba(255,255,255,0.86);border-left:3px solid rgba(40,40,40,0.36);white-space:normal;overflow-wrap:anywhere;word-break:break-word;line-height:1.18;'><b>Definition:</b> Authority is treated as something enacted, nurtured, protected, or undermined through ongoing conduct.</div><p><b>Chapter:</b> Chapter 4<br><b>Dominant theme:</b> Obedience<br><b>Code frequency:</b> 5<br><b>Clusters represented:</b> 5</p><h3>Participant pseudonyms</h3><ul><li>Kwame Dawn</li><li>Ramon Brown</li><li>Jeremiah Black</li></ul><h3>Roles</h3><ul><li>Instructor</li><li>School leader</li></ul><h3>Gender coding</h3><ul><li>Male</li></ul><h3>Data sources</h3><ul><li>Focus group</li><li>Interview</li></ul><h3 class='evidence-anchor-heading'>Evidence anchors</h3><div class='evidence-anchor-list'><div class='evidence-anchor-item' style='display:block;width:100%;max-width:100%;box-sizing:border-box;margin:0.14em 0 0.24em 0;padding:0.38em 0.48em;background:rgba(255,255,255,0.86);border-left:3px solid rgba(40,40,40,0.30);white-space:normal;overflow-wrap:anywhere;word-break:break-word;line-height:1.18;'><b>Ramon Brown:</b> “You treat your authority like it’s a garden to be nurtured.”</div><div class='evidence-anchor-item' style='display:block;width:100%;max-width:100%;box-sizing:border-box;margin:0.14em 0 0.24em 0;padding:0.38em 0.48em;background:rgba(255,255,255,0.86);border-left:3px solid rgba(40,40,40,0.30);white-space:normal;overflow-wrap:anywhere;word-break:break-word;line-height:1.18;'><b>Kwame Dawn:</b> “If e discipline bruk dung, higher authority can bring it back.”</div><div class='evidence-anchor-item' style='display:block;width:100%;max-width:100%;box-sizing:border-box;margin:0.14em 0 0.24em 0;padding:0.38em 0.48em;background:rgba(255,255,255,0.86);border-left:3px solid rgba(40,40,40,0.30);white-space:normal;overflow-wrap:anywhere;word-break:break-word;line-height:1.18;'><b>Ramon Brown:</b> discipline requires “you conforming and not just you teaching someone to conform”</div><div class='evidence-anchor-item' style='display:block;width:100%;max-width:100%;box-sizing:border-box;margin:0.14em 0 0.24em 0;padding:0.38em 0.48em;background:rgba(255,255,255,0.86);border-left:3px solid rgba(40,40,40,0.30);white-space:normal;overflow-wrap:anywhere;word-break:break-word;line-height:1.18;'><b>Ramon Brown:</b> rank carries “a certain level of authority that is assumed”; higher authority can undermine it; disrespect can “spread like wildfire”</div><div class='evidence-anchor-item' style='display:block;width:100%;max-width:100%;box-sizing:border-box;margin:0.14em 0 0.24em 0;padding:0.38em 0.48em;background:rgba(255,255,255,0.86);border-left:3px solid rgba(40,40,40,0.30);white-space:normal;overflow-wrap:anywhere;word-break:break-word;line-height:1.18;'><b>Jeremiah Black:</b> “It’s not a rank that makes a person. A person makes rank.”</div></div><p style='font-size:12px'><i>Node detail is drawn from the existing interactive network, with group-specific nodes collapsed into one chapter-level code node.</i></p></div>",5,Obedience,#214f9b,#222222,dot,20,4,#ffffff,Obedience,5,5,"Authority is treated as something enacted, nurtured, protected, or undermined through ongoing conduct."
breach_correction,breach correction,"<div style='max-width:520px; white-space:normal; overflow-wrap:anywhere; box-sizing:border-box;'><h2 style='margin-bottom:4px'>breach correction</h2><div class='node-definition-top' style='display:block;width:100%;box-sizing:border-box;margin:0.18em 0 0.34em 0;padding:0.38em 0.48em;background:rgba(255,255,255,0.86);border-left:3px solid rgba(40,40,40,0.36);white-space:normal;overflow-wrap:anywhere;word-break:break-word;line-height:1.18;'><b>Definition:</b> Disciplinary expectations become visible through breach, error, detection, or correction.</div><p><b>Chapter:</b> Chapter 4<br><b>Dominant theme:</b> Obedience<br><b>Code frequency:</b> 2<br><b>Clusters represented:</b> 2</p><h3>Participant pseudonyms</h3><ul><li>Chaz Stonegrill</li><li>Jeremiah Black</li></ul><h3>Roles</h3><ul><li>School leader</li></ul><h3>Gender coding</h3><ul><li>Male</li></ul><h3>Data sources</h3><ul><li>Interview</li></ul><h3 class='evidence-anchor-heading'>Evidence anchors</h3><div class='evidence-anchor-list'><div class='evidence-anchor-item' style='display:block;width:100%;max-width:100%;box-sizing:border-box;margin:0.14em 0 0.24em 0;padding:0.38em 0.48em;background:rgba(255,255,255,0.86);border-left:3px solid rgba(40,40,40,0.30);white-space:normal;overflow-wrap:anywhere;word-break:break-word;line-height:1.18;'><b>Chaz Stonegrill:</b> “not a written rule”; “becomes clear when someone fails to meet it”</div><div class='evidence-anchor-item' style='display:block;width:100%;max-width:100%;box-sizing:border-box;margin:0.14em 0 0.24em 0;padding:0.38em 0.48em;background:rgba(255,255,255,0.86);border-left:3px solid rgba(40,40,40,0.30);white-space:normal;overflow-wrap:anywhere;word-break:break-word;line-height:1.18;'><b>Jeremiah Black:</b> “Discipline is not really taught in the JDF. Discipline is enforced.”; “if yuh slip up, yuh get mash up”</div></div><p style='font-size:12px'><i>Node detail is drawn from the existing interactive network, with group-specific nodes collapsed into one chapter-level code node.</i></p></div>",2,Obedience,#214f9b,#222222,dot,20,4,#ffffff,Obedience,2,2,"Disciplinary expectations become visible through breach, error, detection, or correction."
conformity_without_assent,"conformity without
assent","<div style='max-width:520px; white-space:normal; overflow-wrap:anywhere; box-sizing:border-box;'><h2 style='margin-bottom:4px'>conformity without assent</h2><div class='node-definition-top' style='display:block;width:100%;box-sizing:border-box;margin:0.18em 0 0.34em 0;padding:0.38em 0.48em;background:rgba(255,255,255,0.86);border-left:3px solid rgba(40,40,40,0.36);white-space:normal;overflow-wrap:anywhere;word-break:break-word;line-height:1.18;'><b>Definition:</b> Outward conformity may conceal dissent, strategy, hostile intention, or lack of inner alignment.</div><p><b>Chapter:</b> Chapter 4<br><b>Dominant theme:</b> Internalisation<br><b>Code frequency:</b> 4<br><b>Clusters represented:</b> 4</p><h3>Participant pseudonyms</h3><ul><li>Anara Birdsong</li><li>Erin Sharpe</li><li>Marco Wolf</li></ul><h3>Roles</h3><ul><li>School leader</li></ul><h3>Gender coding</h3><ul><li>Female</li><li>Male</li></ul><h3>Data sources</h3><ul><li>Focus group</li><li>Interview</li></ul><h3 class='evidence-anchor-heading'>Evidence anchors</h3><div class='evidence-anchor-list'><div class='evidence-anchor-item' style='display:block;width:100%;max-width:100%;box-sizing:border-box;margin:0.14em 0 0.24em 0;padding:0.38em 0.48em;background:rgba(255,255,255,0.86);border-left:3px solid rgba(40,40,40,0.30);white-space:normal;overflow-wrap:anywhere;word-break:break-word;line-height:1.18;'><b>Erin Sharpe:</b> “gang members, they come in, they conform”; “To be the enemy within”</div><div class='evidence-anchor-item' style='display:block;width:100%;max-width:100%;box-sizing:border-box;margin:0.14em 0 0.24em 0;padding:0.38em 0.48em;background:rgba(255,255,255,0.86);border-left:3px solid rgba(40,40,40,0.30);white-space:normal;overflow-wrap:anywhere;word-break:break-word;line-height:1.18;'><b>Anara Birdsong:</b> “Yuh know how much things recruits think but they don’t act? Dem jus’ roll … crawl … and conform.”</div><div class='evidence-anchor-item' style='display:block;width:100%;max-width:100%;box-sizing:border-box;margin:0.14em 0 0.24em 0;padding:0.38em 0.48em;background:rgba(255,255,255,0.86);border-left:3px solid rgba(40,40,40,0.30);white-space:normal;overflow-wrap:anywhere;word-break:break-word;line-height:1.18;'><b>Marco Wolf:</b> “steal the pick-up, steal a rifle, or rounds”; “We try to sift these persons out”; “MIU might have missed these persons”</div><div class='evidence-anchor-item' style='display:block;width:100%;max-width:100%;box-sizing:border-box;margin:0.14em 0 0.24em 0;padding:0.38em 0.48em;background:rgba(255,255,255,0.86);border-left:3px solid rgba(40,40,40,0.30);white-space:normal;overflow-wrap:anywhere;word-break:break-word;line-height:1.18;'><b>Marco Wolf:</b> “It’s not a singular activity”; “disciplined in one aspect but indisciplined in a next”; “when somebody else is watching”</div></div><p style='font-size:12px'><i>Node detail is drawn from the existing interactive network, with group-specific nodes collapsed into one chapter-level code node.</i></p></div>",4,Internalisation,#5d86cf,#222222,dot,20,4,#ffffff,Internalisation,4,4,"Outward conformity may conceal dissent, strategy, hostile intention, or lack of inner alignment."
consequence_managed_compliance,"consequence
managed compliance","<div style='max-width:520px; white-space:normal; overflow-wrap:anywhere; box-sizing:border-box;'><h2 style='margin-bottom:4px'>consequence managed compliance</h2><div class='node-definition-top' style='display:block;width:100%;box-sizing:border-box;margin:0.18em 0 0.34em 0;padding:0.38em 0.48em;background:rgba(255,255,255,0.86);border-left:3px solid rgba(40,40,40,0.36);white-space:normal;overflow-wrap:anywhere;word-break:break-word;line-height:1.18;'><b>Definition:</b> Visible compliance is sustained through reinforcement, consequence, rigid standard-setting, or pragmatic adjustment to external demand.</div><p><b>Chapter:</b> Chapter 4<br><b>Dominant theme:</b> Performativity<br><b>Code frequency:</b> 3<br><b>Clusters represented:</b> 3</p><h3>Participant pseudonyms</h3><ul><li>Jeremiah Black</li><li>Marco Wolf</li><li>Lee Brown</li></ul><h3>Roles</h3><ul><li>School leader</li></ul><h3>Gender coding</h3><ul><li>Male</li></ul><h3>Data sources</h3><ul><li>Interview</li></ul><h3 class='evidence-anchor-heading'>Evidence anchors</h3><div class='evidence-anchor-list'><div class='evidence-anchor-item' style='display:block;width:100%;max-width:100%;box-sizing:border-box;margin:0.14em 0 0.24em 0;padding:0.38em 0.48em;background:rgba(255,255,255,0.86);border-left:3px solid rgba(40,40,40,0.30);white-space:normal;overflow-wrap:anywhere;word-break:break-word;line-height:1.18;'><b>Jeremiah Black:</b> instructors described as “sharp and hard”</div><div class='evidence-anchor-item' style='display:block;width:100%;max-width:100%;box-sizing:border-box;margin:0.14em 0 0.24em 0;padding:0.38em 0.48em;background:rgba(255,255,255,0.86);border-left:3px solid rgba(40,40,40,0.30);white-space:normal;overflow-wrap:anywhere;word-break:break-word;line-height:1.18;'><b>Lee Brown:</b> “We just maintain the standard weh dem want.”</div><div class='evidence-anchor-item' style='display:block;width:100%;max-width:100%;box-sizing:border-box;margin:0.14em 0 0.24em 0;padding:0.38em 0.48em;background:rgba(255,255,255,0.86);border-left:3px solid rgba(40,40,40,0.30);white-space:normal;overflow-wrap:anywhere;word-break:break-word;line-height:1.18;'><b>Marco Wolf:</b> “Discipline goes hand in hand with positive or negative reinforcements. Rigid. Consequences.”</div></div><p style='font-size:12px'><i>Node detail is drawn from the existing interactive network, with group-specific nodes collapsed into one chapter-level code node.</i></p></div>",3,Performativity,#aac7ee,#222222,dot,20,4,#ffffff,Performativity,3,3,"Visible compliance is sustained through reinforcement, consequence, rigid standard-setting, or pragmatic adjustment to external demand."
context_observation_variability,"context
observation
variability","<div style='max-width:520px; white-space:normal; overflow-wrap:anywhere; box-sizing:border-box;'><h2 style='margin-bottom:4px'>context observation variability</h2><div class='node-definition-top' style='display:block;width:100%;box-sizing:border-box;margin:0.18em 0 0.34em 0;padding:0.38em 0.48em;background:rgba(255,255,255,0.86);border-left:3px solid rgba(40,40,40,0.36);white-space:normal;overflow-wrap:anywhere;word-break:break-word;line-height:1.18;'><b>Definition:</b> Discipline is uneven across domains, settings, roles, or observation conditions.</div><p><b>Chapter:</b> Chapter 4<br><b>Dominant theme:</b> Internalisation<br><b>Code frequency:</b> 4<br><b>Clusters represented:</b> 4</p><h3>Participant pseudonyms</h3><ul><li>Kevin Grant</li><li>Imani Storm</li><li>Marco Wolf</li></ul><h3>Roles</h3><ul><li>Instructor</li><li>School leader</li></ul><h3>Gender coding</h3><ul><li>Male</li></ul><h3>Data sources</h3><ul><li>Interview</li></ul><h3 class='evidence-anchor-heading'>Evidence anchors</h3><div class='evidence-anchor-list'><div class='evidence-anchor-item' style='display:block;width:100%;max-width:100%;box-sizing:border-box;margin:0.14em 0 0.24em 0;padding:0.38em 0.48em;background:rgba(255,255,255,0.86);border-left:3px solid rgba(40,40,40,0.30);white-space:normal;overflow-wrap:anywhere;word-break:break-word;line-height:1.18;'><b>Kevin Grant:</b> “Discipline in the home and discipline in the military are two different disciplines. Very different.”</div><div class='evidence-anchor-item' style='display:block;width:100%;max-width:100%;box-sizing:border-box;margin:0.14em 0 0.24em 0;padding:0.38em 0.48em;background:rgba(255,255,255,0.86);border-left:3px solid rgba(40,40,40,0.30);white-space:normal;overflow-wrap:anywhere;word-break:break-word;line-height:1.18;'><b>Marco Wolf:</b> “It’s not a singular activity”; “disciplined in one aspect but indisciplined in a next”; “when somebody else is watching”</div><div class='evidence-anchor-item' style='display:block;width:100%;max-width:100%;box-sizing:border-box;margin:0.14em 0 0.24em 0;padding:0.38em 0.48em;background:rgba(255,255,255,0.86);border-left:3px solid rgba(40,40,40,0.30);white-space:normal;overflow-wrap:anywhere;word-break:break-word;line-height:1.18;'><b>Marco Wolf:</b> skin bleaching described through “self-esteem, rock bottom” and a music culture with artistes both “disciplined” and “indisciplined”</div><div class='evidence-anchor-item' style='display:block;width:100%;max-width:100%;box-sizing:border-box;margin:0.14em 0 0.24em 0;padding:0.38em 0.48em;background:rgba(255,255,255,0.86);border-left:3px solid rgba(40,40,40,0.30);white-space:normal;overflow-wrap:anywhere;word-break:break-word;line-height:1.18;'><b>Imani Storm:</b> “discipline ah di ability fi behave in a controlled environment”; “Self-discipline… You are the environment. Your rules. Your principles.”</div></div><p style='font-size:12px'><i>Node detail is drawn from the existing interactive network, with group-specific nodes collapsed into one chapter-level code node.</i></p></div>",4,Internalisation,#5d86cf,#222222,dot,20,4,#ffffff,Internalisation,4,4,"Discipline is uneven across domains, settings, roles, or observation conditions."
durability_after_control,"durability after
control","<div style='max-width:520px; white-space:normal; overflow-wrap:anywhere; box-sizing:border-box;'><h2 style='margin-bottom:4px'>durability after control</h2><div class='node-definition-top' style='display:block;width:100%;box-sizing:border-box;margin:0.18em 0 0.34em 0;padding:0.38em 0.48em;background:rgba(255,255,255,0.86);border-left:3px solid rgba(40,40,40,0.36);white-space:normal;overflow-wrap:anywhere;word-break:break-word;line-height:1.18;'><b>Definition:</b> The issue is what happens to discipline when training pressure, observation, or structure weakens.</div><p><b>Chapter:</b> Chapter 4<br><b>Dominant theme:</b> Performativity<br><b>Code frequency:</b> 4<br><b>Clusters represented:</b> 4</p><h3>Participant pseudonyms</h3><ul><li>Imani Storm</li><li>Jeremiah Black</li></ul><h3>Roles</h3><ul><li>School leader</li></ul><h3>Gender coding</h3><ul><li>Male</li></ul><h3>Data sources</h3><ul><li>Interview</li></ul><h3 class='evidence-anchor-heading'>Evidence anchors</h3><div class='evidence-anchor-list'><div class='evidence-anchor-item' style='display:block;width:100%;max-width:100%;box-sizing:border-box;margin:0.14em 0 0.24em 0;padding:0.38em 0.48em;background:rgba(255,255,255,0.86);border-left:3px solid rgba(40,40,40,0.30);white-space:normal;overflow-wrap:anywhere;word-break:break-word;line-height:1.18;'><b>Jeremiah Black:</b> “in that absence, they fill it with something, the recruits”</div><div class='evidence-anchor-item' style='display:block;width:100%;max-width:100%;box-sizing:border-box;margin:0.14em 0 0.24em 0;padding:0.38em 0.48em;background:rgba(255,255,255,0.86);border-left:3px solid rgba(40,40,40,0.30);white-space:normal;overflow-wrap:anywhere;word-break:break-word;line-height:1.18;'><b>Imani Storm:</b> “When you leave here, in the wider force, he’s not under much pressure as he would be here.”</div><div class='evidence-anchor-item' style='display:block;width:100%;max-width:100%;box-sizing:border-box;margin:0.14em 0 0.24em 0;padding:0.38em 0.48em;background:rgba(255,255,255,0.86);border-left:3px solid rgba(40,40,40,0.30);white-space:normal;overflow-wrap:anywhere;word-break:break-word;line-height:1.18;'><b>Imani Storm:</b> “when you leave here, turn back into a Jankro”; “Di likkle Jankro mentality start to come out”</div><div class='evidence-anchor-item' style='display:block;width:100%;max-width:100%;box-sizing:border-box;margin:0.14em 0 0.24em 0;padding:0.38em 0.48em;background:rgba(255,255,255,0.86);border-left:3px solid rgba(40,40,40,0.30);white-space:normal;overflow-wrap:anywhere;word-break:break-word;line-height:1.18;'><b>Imani Storm:</b> “under so much lock and key and guarded”; “put up an image, a character, or persona”; “turn back into a Jankro”</div></div><p style='font-size:12px'><i>Node detail is drawn from the existing interactive network, with group-specific nodes collapsed into one chapter-level code node.</i></p></div>",4,Performativity,#aac7ee,#222222,dot,20,4,#ffffff,Performativity,4,4,"The issue is what happens to discipline when training pressure, observation, or structure weakens."
extrinsic_motive_compliance,"extrinsic motive
compliance","<div style='max-width:520px; white-space:normal; overflow-wrap:anywhere; box-sizing:border-box;'><h2 style='margin-bottom:4px'>extrinsic motive compliance</h2><div class='node-definition-top' style='display:block;width:100%;box-sizing:border-box;margin:0.18em 0 0.34em 0;padding:0.38em 0.48em;background:rgba(255,255,255,0.86);border-left:3px solid rgba(40,40,40,0.36);white-space:normal;overflow-wrap:anywhere;word-break:break-word;line-height:1.18;'><b>Definition:</b> Disciplined conduct may be driven by fear, reward, ambition, graduation, or becoming a soldier rather than inner formation.</div><p><b>Chapter:</b> Chapter 4<br><b>Dominant theme:</b> Internalisation<br><b>Code frequency:</b> 1<br><b>Clusters represented:</b> 1</p><h3>Participant pseudonyms</h3><ul><li>Anara Birdsong</li></ul><h3>Roles</h3><ul><li>School leader</li></ul><h3>Gender coding</h3><ul><li>Female</li></ul><h3>Data sources</h3><ul><li>Focus group</li></ul><h3 class='evidence-anchor-heading'>Evidence anchors</h3><div class='evidence-anchor-list'><div class='evidence-anchor-item' style='display:block;width:100%;max-width:100%;box-sizing:border-box;margin:0.14em 0 0.24em 0;padding:0.38em 0.48em;background:rgba(255,255,255,0.86);border-left:3px solid rgba(40,40,40,0.30);white-space:normal;overflow-wrap:anywhere;word-break:break-word;line-height:1.18;'><b>Anara Birdsong:</b> “fear of punishment”; “‘Pass out’”; “‘Tun [become] a soldier’”</div></div><p style='font-size:12px'><i>Node detail is drawn from the existing interactive network, with group-specific nodes collapsed into one chapter-level code node.</i></p></div>",1,Internalisation,#5d86cf,#222222,dot,20,4,#ffffff,Internalisation,1,1,"Disciplined conduct may be driven by fear, reward, ambition, graduation, or becoming a soldier rather than inner formation."
eye_service_appearance_gap,"eye service
appearance gap","<div style='max-width:520px; white-space:normal; overflow-wrap:anywhere; box-sizing:border-box;'><h2 style='margin-bottom:4px'>eye service appearance gap</h2><div class='node-definition-top' style='display:block;width:100%;box-sizing:border-box;margin:0.18em 0 0.34em 0;padding:0.38em 0.48em;background:rgba(255,255,255,0.86);border-left:3px solid rgba(40,40,40,0.36);white-space:normal;overflow-wrap:anywhere;word-break:break-word;line-height:1.18;'><b>Definition:</b> There is a gap between disciplined appearance and substantive or real discipline.</div><p><b>Chapter:</b> Chapter 4<br><b>Dominant theme:</b> Performativity<br><b>Code frequency:</b> 4<br><b>Clusters represented:</b> 4</p><h3>Participant pseudonyms</h3><ul><li>Obael Stormstrong</li><li>Imani Storm</li><li>Zion Bamboo</li><li>Kevin Jewinsky</li></ul><h3>Roles</h3><ul><li>Instructor</li><li>School leader</li></ul><h3>Gender coding</h3><ul><li>Male</li></ul><h3>Data sources</h3><ul><li>Interview</li><li>Focus group</li></ul><h3 class='evidence-anchor-heading'>Evidence anchors</h3><div class='evidence-anchor-list'><div class='evidence-anchor-item' style='display:block;width:100%;max-width:100%;box-sizing:border-box;margin:0.14em 0 0.24em 0;padding:0.38em 0.48em;background:rgba(255,255,255,0.86);border-left:3px solid rgba(40,40,40,0.30);white-space:normal;overflow-wrap:anywhere;word-break:break-word;line-height:1.18;'><b>Obael Stormstrong:</b> “You can’t be real disciplined if it’s only when you’re around me”; “eye-service, eye servant ting”</div><div class='evidence-anchor-item' style='display:block;width:100%;max-width:100%;box-sizing:border-box;margin:0.14em 0 0.24em 0;padding:0.38em 0.48em;background:rgba(255,255,255,0.86);border-left:3px solid rgba(40,40,40,0.30);white-space:normal;overflow-wrap:anywhere;word-break:break-word;line-height:1.18;'><b>Kevin Jewinsky:</b> “not about look good when the TO comes”; “it has to actually be good”</div><div class='evidence-anchor-item' style='display:block;width:100%;max-width:100%;box-sizing:border-box;margin:0.14em 0 0.24em 0;padding:0.38em 0.48em;background:rgba(255,255,255,0.86);border-left:3px solid rgba(40,40,40,0.30);white-space:normal;overflow-wrap:anywhere;word-break:break-word;line-height:1.18;'><b>Imani Storm:</b> “Hummingbird… quality and standard”; “Jankro, weh nuh care, eat anything”</div><div class='evidence-anchor-item' style='display:block;width:100%;max-width:100%;box-sizing:border-box;margin:0.14em 0 0.24em 0;padding:0.38em 0.48em;background:rgba(255,255,255,0.86);border-left:3px solid rgba(40,40,40,0.30);white-space:normal;overflow-wrap:anywhere;word-break:break-word;line-height:1.18;'><b>Zion Bamboo:</b> “undisciplined disciplinarian”; “looks disciplined when he’s to lead but when he’s to follow him gone rogue”</div></div><p style='font-size:12px'><i>Node detail is drawn from the existing interactive network, with group-specific nodes collapsed into one chapter-level code node.</i></p></div>",4,Performativity,#aac7ee,#222222,dot,20,4,#ffffff,Performativity,4,4,There is a gap between disciplined appearance and substantive or real discipline.
goal_persistence,goal persistence,"<div style='max-width:520px; white-space:normal; overflow-wrap:anywhere; box-sizing:border-box;'><h2 style='margin-bottom:4px'>goal persistence</h2><div class='node-definition-top' style='display:block;width:100%;box-sizing:border-box;margin:0.18em 0 0.34em 0;padding:0.38em 0.48em;background:rgba(255,255,255,0.86);border-left:3px solid rgba(40,40,40,0.36);white-space:normal;overflow-wrap:anywhere;word-break:break-word;line-height:1.18;'><b>Definition:</b> Discipline is continuing toward a clear goal despite low desire, discomfort, or counter-inclination.</div><p><b>Chapter:</b> Chapter 4<br><b>Dominant theme:</b> Internalisation<br><b>Code frequency:</b> 1<br><b>Clusters represented:</b> 1</p><h3>Participant pseudonyms</h3><ul><li>Anaya Redemption</li></ul><h3>Roles</h3><ul><li>School leader</li></ul><h3>Gender coding</h3><ul><li>Female</li></ul><h3>Data sources</h3><ul><li>Interview</li></ul><h3 class='evidence-anchor-heading'>Evidence anchors</h3><div class='evidence-anchor-list'><div class='evidence-anchor-item' style='display:block;width:100%;max-width:100%;box-sizing:border-box;margin:0.14em 0 0.24em 0;padding:0.38em 0.48em;background:rgba(255,255,255,0.86);border-left:3px solid rgba(40,40,40,0.30);white-space:normal;overflow-wrap:anywhere;word-break:break-word;line-height:1.18;'><b>Anaya Redemption:</b> “I persist, even though I don’t want to”; “If it is ambiguous, it’s not a goal.”</div></div><p style='font-size:12px'><i>Node detail is drawn from the existing interactive network, with group-specific nodes collapsed into one chapter-level code node.</i></p></div>",1,Internalisation,#5d86cf,#222222,dot,20,4,#ffffff,Internalisation,1,1,"Discipline is continuing toward a clear goal despite low desire, discomfort, or counter-inclination."
hierarchy_authority,"hierarchy
authority","<div style='max-width:520px; white-space:normal; overflow-wrap:anywhere; box-sizing:border-box;'><h2 style='margin-bottom:4px'>hierarchy authority</h2><div class='node-definition-top' style='display:block;width:100%;box-sizing:border-box;margin:0.18em 0 0.34em 0;padding:0.38em 0.48em;background:rgba(255,255,255,0.86);border-left:3px solid rgba(40,40,40,0.36);white-space:normal;overflow-wrap:anywhere;word-break:break-word;line-height:1.18;'><b>Definition:</b> Discipline is grounded in rank, higher authority, hierarchy, or the military chain of command.</div><p><b>Chapter:</b> Chapter 4<br><b>Dominant theme:</b> Obedience<br><b>Code frequency:</b> 7<br><b>Clusters represented:</b> 7</p><h3>Participant pseudonyms</h3><ul><li>Kwame Dawn</li><li>Ramon Brown</li><li>Obael Stormstrong</li><li>Jonathan McDermott</li><li>Erin Sharpe</li><li>Jeremiah Black</li></ul><h3>Roles</h3><ul><li>Instructor</li><li>School leader</li></ul><h3>Gender coding</h3><ul><li>Male</li><li>Female</li></ul><h3>Data sources</h3><ul><li>Focus group</li><li>Interview</li></ul><h3 class='evidence-anchor-heading'>Evidence anchors</h3><div class='evidence-anchor-list'><div class='evidence-anchor-item' style='display:block;width:100%;max-width:100%;box-sizing:border-box;margin:0.14em 0 0.24em 0;padding:0.38em 0.48em;background:rgba(255,255,255,0.86);border-left:3px solid rgba(40,40,40,0.30);white-space:normal;overflow-wrap:anywhere;word-break:break-word;line-height:1.18;'><b>Obael Stormstrong:</b> “Dem haffi show wi that level of trust, just the same.”</div><div class='evidence-anchor-item' style='display:block;width:100%;max-width:100%;box-sizing:border-box;margin:0.14em 0 0.24em 0;padding:0.38em 0.48em;background:rgba(255,255,255,0.86);border-left:3px solid rgba(40,40,40,0.30);white-space:normal;overflow-wrap:anywhere;word-break:break-word;line-height:1.18;'><b>Kwame Dawn:</b> “If e discipline bruk dung, higher authority can bring it back.”</div><div class='evidence-anchor-item' style='display:block;width:100%;max-width:100%;box-sizing:border-box;margin:0.14em 0 0.24em 0;padding:0.38em 0.48em;background:rgba(255,255,255,0.86);border-left:3px solid rgba(40,40,40,0.30);white-space:normal;overflow-wrap:anywhere;word-break:break-word;line-height:1.18;'><b>Ramon Brown:</b> rank carries “a certain level of authority that is assumed”; higher authority can undermine it; disrespect can “spread like wildfire”</div><div class='evidence-anchor-item' style='display:block;width:100%;max-width:100%;box-sizing:border-box;margin:0.14em 0 0.24em 0;padding:0.38em 0.48em;background:rgba(255,255,255,0.86);border-left:3px solid rgba(40,40,40,0.30);white-space:normal;overflow-wrap:anywhere;word-break:break-word;line-height:1.18;'><b>Jonathan McDermott:</b> “I think discipline was derived from authority.”</div><div class='evidence-anchor-item' style='display:block;width:100%;max-width:100%;box-sizing:border-box;margin:0.14em 0 0.24em 0;padding:0.38em 0.48em;background:rgba(255,255,255,0.86);border-left:3px solid rgba(40,40,40,0.30);white-space:normal;overflow-wrap:anywhere;word-break:break-word;line-height:1.18;'><b>Jeremiah Black:</b> “It’s not a rank that makes a person. A person makes rank.”</div><div class='evidence-anchor-item' style='display:block;width:100%;max-width:100%;box-sizing:border-box;margin:0.14em 0 0.24em 0;padding:0.38em 0.48em;background:rgba(255,255,255,0.86);border-left:3px solid rgba(40,40,40,0.30);white-space:normal;overflow-wrap:anywhere;word-break:break-word;line-height:1.18;'><b>Jonathan McDermott:</b> “Discipline need, um, a structure; and that is why the army is designed the way it is.”</div><div class='evidence-anchor-item' style='display:block;width:100%;max-width:100%;box-sizing:border-box;margin:0.14em 0 0.24em 0;padding:0.38em 0.48em;background:rgba(255,255,255,0.86);border-left:3px solid rgba(40,40,40,0.30);white-space:normal;overflow-wrap:anywhere;word-break:break-word;line-height:1.18;'><b>Erin Sharpe:</b> “If the instructor said jump, I would want to know how high”; “intent to make me better”</div></div><p style='font-size:12px'><i>Node detail is drawn from the existing interactive network, with group-specific nodes collapsed into one chapter-level code node.</i></p></div>",7,Obedience,#214f9b,#222222,dot,20,4,#ffffff,Obedience,7,7,"Discipline is grounded in rank, higher authority, hierarchy, or the military chain of command."
innate_natural_claim,"innate natural
claim","<div style='max-width:520px; white-space:normal; overflow-wrap:anywhere; box-sizing:border-box;'><h2 style='margin-bottom:4px'>innate natural claim</h2><div class='node-definition-top' style='display:block;width:100%;box-sizing:border-box;margin:0.18em 0 0.34em 0;padding:0.38em 0.48em;background:rgba(255,255,255,0.86);border-left:3px solid rgba(40,40,40,0.36);white-space:normal;overflow-wrap:anywhere;word-break:break-word;line-height:1.18;'><b>Definition:</b> Discipline is framed as innate, natural, raw, uncodified, built-in, or survival-linked.</div><p><b>Chapter:</b> Chapter 4<br><b>Dominant theme:</b> Internalisation<br><b>Code frequency:</b> 1<br><b>Clusters represented:</b> 1</p><h3>Participant pseudonyms</h3><ul><li>Dwayne Andrews</li></ul><h3>Roles</h3><ul><li>School leader</li></ul><h3>Gender coding</h3><ul><li>Male</li></ul><h3>Data sources</h3><ul><li>Focus group</li></ul><h3 class='evidence-anchor-heading'>Evidence anchors</h3><div class='evidence-anchor-list'><div class='evidence-anchor-item' style='display:block;width:100%;max-width:100%;box-sizing:border-box;margin:0.14em 0 0.24em 0;padding:0.38em 0.48em;background:rgba(255,255,255,0.86);border-left:3px solid rgba(40,40,40,0.30);white-space:normal;overflow-wrap:anywhere;word-break:break-word;line-height:1.18;'><b>Dwayne Andrews:</b> “It is innate. It is natural”; “A baby just born”; “So is a survival”; “It is a built-in.”</div></div><p style='font-size:12px'><i>Node detail is drawn from the existing interactive network, with group-specific nodes collapsed into one chapter-level code node.</i></p></div>",1,Internalisation,#5d86cf,#222222,dot,20,4,#ffffff,Internalisation,1,1,"Discipline is framed as innate, natural, raw, uncodified, built-in, or survival-linked."
moral_neutral_discipline,"moral neutral
discipline","<div style='max-width:520px; white-space:normal; overflow-wrap:anywhere; box-sizing:border-box;'><h2 style='margin-bottom:4px'>moral neutral discipline</h2><div class='node-definition-top' style='display:block;width:100%;box-sizing:border-box;margin:0.18em 0 0.34em 0;padding:0.38em 0.48em;background:rgba(255,255,255,0.86);border-left:3px solid rgba(40,40,40,0.36);white-space:normal;overflow-wrap:anywhere;word-break:break-word;line-height:1.18;'><b>Definition:</b> Discipline is treated as technically effective, precise, or controlled but not necessarily morally good.</div><p><b>Chapter:</b> Chapter 4<br><b>Dominant theme:</b> Internalisation<br><b>Code frequency:</b> 5<br><b>Clusters represented:</b> 5</p><h3>Participant pseudonyms</h3><ul><li>Malayo Montanas</li><li>Erin Sharpe</li><li>Marco Wolf</li></ul><h3>Roles</h3><ul><li>Instructor</li><li>School leader</li></ul><h3>Gender coding</h3><ul><li>Male</li><li>Female</li></ul><h3>Data sources</h3><ul><li>Interview</li></ul><h3 class='evidence-anchor-heading'>Evidence anchors</h3><div class='evidence-anchor-list'><div class='evidence-anchor-item' style='display:block;width:100%;max-width:100%;box-sizing:border-box;margin:0.14em 0 0.24em 0;padding:0.38em 0.48em;background:rgba(255,255,255,0.86);border-left:3px solid rgba(40,40,40,0.30);white-space:normal;overflow-wrap:anywhere;word-break:break-word;line-height:1.18;'><b>Malayo Montanas:</b> “Discipline is good and discipline is bad”; “A ‘gun man’ can be one of the most disciplined people”</div><div class='evidence-anchor-item' style='display:block;width:100%;max-width:100%;box-sizing:border-box;margin:0.14em 0 0.24em 0;padding:0.38em 0.48em;background:rgba(255,255,255,0.86);border-left:3px solid rgba(40,40,40,0.30);white-space:normal;overflow-wrap:anywhere;word-break:break-word;line-height:1.18;'><b>Erin Sharpe:</b> “gang members, they come in, they conform”; “To be the enemy within”</div><div class='evidence-anchor-item' style='display:block;width:100%;max-width:100%;box-sizing:border-box;margin:0.14em 0 0.24em 0;padding:0.38em 0.48em;background:rgba(255,255,255,0.86);border-left:3px solid rgba(40,40,40,0.30);white-space:normal;overflow-wrap:anywhere;word-break:break-word;line-height:1.18;'><b>Erin Sharpe:</b> “disciplined enough to dot each ‘I’ and cross each ‘T’ to do the wrong”</div><div class='evidence-anchor-item' style='display:block;width:100%;max-width:100%;box-sizing:border-box;margin:0.14em 0 0.24em 0;padding:0.38em 0.48em;background:rgba(255,255,255,0.86);border-left:3px solid rgba(40,40,40,0.30);white-space:normal;overflow-wrap:anywhere;word-break:break-word;line-height:1.18;'><b>Marco Wolf:</b> “steal the pick-up, steal a rifle, or rounds”; “We try to sift these persons out”; “MIU might have missed these persons”</div><div class='evidence-anchor-item' style='display:block;width:100%;max-width:100%;box-sizing:border-box;margin:0.14em 0 0.24em 0;padding:0.38em 0.48em;background:rgba(255,255,255,0.86);border-left:3px solid rgba(40,40,40,0.30);white-space:normal;overflow-wrap:anywhere;word-break:break-word;line-height:1.18;'><b>Marco Wolf:</b> skin bleaching described through “self-esteem, rock bottom” and a music culture with artistes both “disciplined” and “indisciplined”</div></div><p style='font-size:12px'><i>Node detail is drawn from the existing interactive network, with group-specific nodes collapsed into one chapter-level code node.</i></p></div>",5,Internalisation,#5d86cf,#222222,dot,20,4,#ffffff,Internalisation,5,5,"Discipline is treated as technically effective, precise, or controlled but not necessarily morally good."
motivation_vs_discipline,"motivation vs
discipline","<div style='max-width:520px; white-space:normal; overflow-wrap:anywhere; box-sizing:border-box;'><h2 style='margin-bottom:4px'>motivation vs discipline</h2><div class='node-definition-top' style='display:block;width:100%;box-sizing:border-box;margin:0.18em 0 0.34em 0;padding:0.38em 0.48em;background:rgba(255,255,255,0.86);border-left:3px solid rgba(40,40,40,0.36);white-space:normal;overflow-wrap:anywhere;word-break:break-word;line-height:1.18;'><b>Definition:</b> Effort produced by audience, event, test, or immediate pressure is separated from discipline as durable conduct.</div><p><b>Chapter:</b> Chapter 4<br><b>Dominant theme:</b> Performativity<br><b>Code frequency:</b> 1<br><b>Clusters represented:</b> 1</p><h3>Participant pseudonyms</h3><ul><li>Obael Stormstrong</li></ul><h3>Roles</h3><ul><li>Instructor</li></ul><h3>Gender coding</h3><ul><li>Male</li></ul><h3>Data sources</h3><ul><li>Interview</li></ul><h3 class='evidence-anchor-heading'>Evidence anchors</h3><div class='evidence-anchor-list'><div class='evidence-anchor-item' style='display:block;width:100%;max-width:100%;box-sizing:border-box;margin:0.14em 0 0.24em 0;padding:0.38em 0.48em;background:rgba(255,255,255,0.86);border-left:3px solid rgba(40,40,40,0.30);white-space:normal;overflow-wrap:anywhere;word-break:break-word;line-height:1.18;'><b>Obael Stormstrong:</b> “you only run when you have BFST or PT”; “because you see the crowd”; “motivation is different from discipline”</div></div><p style='font-size:12px'><i>Node detail is drawn from the existing interactive network, with group-specific nodes collapsed into one chapter-level code node.</i></p></div>",1,Performativity,#aac7ee,#222222,dot,20,4,#ffffff,Performativity,1,1,"Effort produced by audience, event, test, or immediate pressure is separated from discipline as durable conduct."
non_negotiable_army_order,"non negotiable
army order","<div style='max-width:520px; white-space:normal; overflow-wrap:anywhere; box-sizing:border-box;'><h2 style='margin-bottom:4px'>non negotiable army order</h2><div class='node-definition-top' style='display:block;width:100%;box-sizing:border-box;margin:0.18em 0 0.34em 0;padding:0.38em 0.48em;background:rgba(255,255,255,0.86);border-left:3px solid rgba(40,40,40,0.36);white-space:normal;overflow-wrap:anywhere;word-break:break-word;line-height:1.18;'><b>Definition:</b> Army discipline is presented as given, functionally designed, non-negotiable, or necessary to avoid institutional failure.</div><p><b>Chapter:</b> Chapter 4<br><b>Dominant theme:</b> Obedience<br><b>Code frequency:</b> 5<br><b>Clusters represented:</b> 5</p><h3>Participant pseudonyms</h3><ul><li>Kwame Dawn</li><li>Jonathan McDermott</li><li>Kevin Jewinsky</li><li>Lee Brown</li></ul><h3>Roles</h3><ul><li>Instructor</li><li>School leader</li></ul><h3>Gender coding</h3><ul><li>Male</li></ul><h3>Data sources</h3><ul><li>Interview</li><li>Focus group</li></ul><h3 class='evidence-anchor-heading'>Evidence anchors</h3><div class='evidence-anchor-list'><div class='evidence-anchor-item' style='display:block;width:100%;max-width:100%;box-sizing:border-box;margin:0.14em 0 0.24em 0;padding:0.38em 0.48em;background:rgba(255,255,255,0.86);border-left:3px solid rgba(40,40,40,0.30);white-space:normal;overflow-wrap:anywhere;word-break:break-word;line-height:1.18;'><b>Kwame Dawn:</b> “Di army don’t work so.”</div><div class='evidence-anchor-item' style='display:block;width:100%;max-width:100%;box-sizing:border-box;margin:0.14em 0 0.24em 0;padding:0.38em 0.48em;background:rgba(255,255,255,0.86);border-left:3px solid rgba(40,40,40,0.30);white-space:normal;overflow-wrap:anywhere;word-break:break-word;line-height:1.18;'><b>Kevin Jewinsky:</b> “ah jus’ so di Army ting set”</div><div class='evidence-anchor-item' style='display:block;width:100%;max-width:100%;box-sizing:border-box;margin:0.14em 0 0.24em 0;padding:0.38em 0.48em;background:rgba(255,255,255,0.86);border-left:3px solid rgba(40,40,40,0.30);white-space:normal;overflow-wrap:anywhere;word-break:break-word;line-height:1.18;'><b>Lee Brown:</b> “We would have the worst army in the world right now.”</div><div class='evidence-anchor-item' style='display:block;width:100%;max-width:100%;box-sizing:border-box;margin:0.14em 0 0.24em 0;padding:0.38em 0.48em;background:rgba(255,255,255,0.86);border-left:3px solid rgba(40,40,40,0.30);white-space:normal;overflow-wrap:anywhere;word-break:break-word;line-height:1.18;'><b>Jonathan McDermott:</b> “you have to do whatever you are sent here to do”; “unquestionably obedient”</div><div class='evidence-anchor-item' style='display:block;width:100%;max-width:100%;box-sizing:border-box;margin:0.14em 0 0.24em 0;padding:0.38em 0.48em;background:rgba(255,255,255,0.86);border-left:3px solid rgba(40,40,40,0.30);white-space:normal;overflow-wrap:anywhere;word-break:break-word;line-height:1.18;'><b>Jonathan McDermott:</b> “Discipline need, um, a structure; and that is why the army is designed the way it is.”</div></div><p style='font-size:12px'><i>Node detail is drawn from the existing interactive network, with group-specific nodes collapsed into one chapter-level code node.</i></p></div>",5,Obedience,#214f9b,#222222,dot,20,4,#ffffff,Obedience,5,5,"Army discipline is presented as given, functionally designed, non-negotiable, or necessary to avoid institutional failure."
obedience_threshold,"obedience
threshold","<div style='max-width:520px; white-space:normal; overflow-wrap:anywhere; box-sizing:border-box;'><h2 style='margin-bottom:4px'>obedience threshold</h2><div class='node-definition-top' style='display:block;width:100%;box-sizing:border-box;margin:0.18em 0 0.34em 0;padding:0.38em 0.48em;background:rgba(255,255,255,0.86);border-left:3px solid rgba(40,40,40,0.36);white-space:normal;overflow-wrap:anywhere;word-break:break-word;line-height:1.18;'><b>Definition:</b> Discipline is defined as a threshold demand to obey, follow orders, or adjust to the Army setting.</div><p><b>Chapter:</b> Chapter 4<br><b>Dominant theme:</b> Obedience<br><b>Code frequency:</b> 4<br><b>Clusters represented:</b> 4</p><h3>Participant pseudonyms</h3><ul><li>Nkrumah Maroon</li><li>Jonathan McDermott</li><li>Erin Sharpe</li><li>Jeremiah Black</li></ul><h3>Roles</h3><ul><li>Instructor</li><li>School leader</li></ul><h3>Gender coding</h3><ul><li>Male</li><li>Female</li></ul><h3>Data sources</h3><ul><li>Focus group</li><li>Interview</li></ul><h3 class='evidence-anchor-heading'>Evidence anchors</h3><div class='evidence-anchor-list'><div class='evidence-anchor-item' style='display:block;width:100%;max-width:100%;box-sizing:border-box;margin:0.14em 0 0.24em 0;padding:0.38em 0.48em;background:rgba(255,255,255,0.86);border-left:3px solid rgba(40,40,40,0.30);white-space:normal;overflow-wrap:anywhere;word-break:break-word;line-height:1.18;'><b>Nkrumah Maroon:</b> “training someone to obey by using punishment”</div><div class='evidence-anchor-item' style='display:block;width:100%;max-width:100%;box-sizing:border-box;margin:0.14em 0 0.24em 0;padding:0.38em 0.48em;background:rgba(255,255,255,0.86);border-left:3px solid rgba(40,40,40,0.30);white-space:normal;overflow-wrap:anywhere;word-break:break-word;line-height:1.18;'><b>Jonathan McDermott:</b> “you have to do whatever you are sent here to do”; “unquestionably obedient”</div><div class='evidence-anchor-item' style='display:block;width:100%;max-width:100%;box-sizing:border-box;margin:0.14em 0 0.24em 0;padding:0.38em 0.48em;background:rgba(255,255,255,0.86);border-left:3px solid rgba(40,40,40,0.30);white-space:normal;overflow-wrap:anywhere;word-break:break-word;line-height:1.18;'><b>Erin Sharpe:</b> “My construct of discipline at the time was just to follow instructions, to follow orders.”</div><div class='evidence-anchor-item' style='display:block;width:100%;max-width:100%;box-sizing:border-box;margin:0.14em 0 0.24em 0;padding:0.38em 0.48em;background:rgba(255,255,255,0.86);border-left:3px solid rgba(40,40,40,0.30);white-space:normal;overflow-wrap:anywhere;word-break:break-word;line-height:1.18;'><b>Jeremiah Black:</b> “Discipline is not really taught in the JDF. Discipline is enforced.”; “if yuh slip up, yuh get mash up”</div></div><p style='font-size:12px'><i>Node detail is drawn from the existing interactive network, with group-specific nodes collapsed into one chapter-level code node.</i></p></div>",4,Obedience,#214f9b,#222222,dot,20,4,#ffffff,Obedience,4,4,"Discipline is defined as a threshold demand to obey, follow orders, or adjust to the Army setting."
operational_reliability_risk,"operational
reliability risk","<div style='max-width:520px; white-space:normal; overflow-wrap:anywhere; box-sizing:border-box;'><h2 style='margin-bottom:4px'>operational reliability risk</h2><div class='node-definition-top' style='display:block;width:100%;box-sizing:border-box;margin:0.18em 0 0.34em 0;padding:0.38em 0.48em;background:rgba(255,255,255,0.86);border-left:3px solid rgba(40,40,40,0.36);white-space:normal;overflow-wrap:anywhere;word-break:break-word;line-height:1.18;'><b>Definition:</b> Discipline is framed as a condition for reliable performance, especially where lapse or under-discipline threatens tasks.</div><p><b>Chapter:</b> Chapter 4<br><b>Dominant theme:</b> Obedience<br><b>Code frequency:</b> 3<br><b>Clusters represented:</b> 3</p><h3>Participant pseudonyms</h3><ul><li>Jeremiah Black</li><li>Kevin Jewinsky</li><li>Lee Brown</li></ul><h3>Roles</h3><ul><li>School leader</li></ul><h3>Gender coding</h3><ul><li>Male</li></ul><h3>Data sources</h3><ul><li>Interview</li></ul><h3 class='evidence-anchor-heading'>Evidence anchors</h3><div class='evidence-anchor-list'><div class='evidence-anchor-item' style='display:block;width:100%;max-width:100%;box-sizing:border-box;margin:0.14em 0 0.24em 0;padding:0.38em 0.48em;background:rgba(255,255,255,0.86);border-left:3px solid rgba(40,40,40,0.30);white-space:normal;overflow-wrap:anywhere;word-break:break-word;line-height:1.18;'><b>Kevin Jewinsky:</b> “Even small lapse can throw off the whole thing.”</div><div class='evidence-anchor-item' style='display:block;width:100%;max-width:100%;box-sizing:border-box;margin:0.14em 0 0.24em 0;padding:0.38em 0.48em;background:rgba(255,255,255,0.86);border-left:3px solid rgba(40,40,40,0.30);white-space:normal;overflow-wrap:anywhere;word-break:break-word;line-height:1.18;'><b>Lee Brown:</b> “We would have the worst army in the world right now.”</div><div class='evidence-anchor-item' style='display:block;width:100%;max-width:100%;box-sizing:border-box;margin:0.14em 0 0.24em 0;padding:0.38em 0.48em;background:rgba(255,255,255,0.86);border-left:3px solid rgba(40,40,40,0.30);white-space:normal;overflow-wrap:anywhere;word-break:break-word;line-height:1.18;'><b>Jeremiah Black:</b> “Yuh can’t put nuh piaw-piaw soldier to go do [that]… dem haffi be well disciplined.”</div></div><p style='font-size:12px'><i>Node detail is drawn from the existing interactive network, with group-specific nodes collapsed into one chapter-level code node.</i></p></div>",3,Obedience,#214f9b,#222222,dot,20,4,#ffffff,Obedience,3,3,"Discipline is framed as a condition for reliable performance, especially where lapse or under-discipline threatens tasks."
personal_responsibility_moralisation,"personal
responsibility
moralisation","<div style='max-width:520px; white-space:normal; overflow-wrap:anywhere; box-sizing:border-box;'><h2 style='margin-bottom:4px'>personal responsibility moralisation</h2><div class='node-definition-top' style='display:block;width:100%;box-sizing:border-box;margin:0.18em 0 0.34em 0;padding:0.38em 0.48em;background:rgba(255,255,255,0.86);border-left:3px solid rgba(40,40,40,0.36);white-space:normal;overflow-wrap:anywhere;word-break:break-word;line-height:1.18;'><b>Definition:</b> Discipline becomes a moral language for judging, repairing, or governing the individual person.</div><p><b>Chapter:</b> Chapter 4<br><b>Dominant theme:</b> Internalisation<br><b>Code frequency:</b> 2<br><b>Clusters represented:</b> 2</p><h3>Participant pseudonyms</h3><ul><li>Anthony Jackson</li><li>Lee Brown</li></ul><h3>Roles</h3><ul><li>Instructor</li><li>School leader</li></ul><h3>Gender coding</h3><ul><li>Male</li></ul><h3>Data sources</h3><ul><li>Interview</li></ul><h3 class='evidence-anchor-heading'>Evidence anchors</h3><div class='evidence-anchor-list'><div class='evidence-anchor-item' style='display:block;width:100%;max-width:100%;box-sizing:border-box;margin:0.14em 0 0.24em 0;padding:0.38em 0.48em;background:rgba(255,255,255,0.86);border-left:3px solid rgba(40,40,40,0.30);white-space:normal;overflow-wrap:anywhere;word-break:break-word;line-height:1.18;'><b>Anthony Jackson:</b> “If you disciplined with your financial spending, it ah go become easier to free yourself from poverty.”</div><div class='evidence-anchor-item' style='display:block;width:100%;max-width:100%;box-sizing:border-box;margin:0.14em 0 0.24em 0;padding:0.38em 0.48em;background:rgba(255,255,255,0.86);border-left:3px solid rgba(40,40,40,0.30);white-space:normal;overflow-wrap:anywhere;word-break:break-word;line-height:1.18;'><b>Lee Brown:</b> “dem nuh have nuh money discipline”; “Have a money discipline. Fix yourself.”</div></div><p style='font-size:12px'><i>Node detail is drawn from the existing interactive network, with group-specific nodes collapsed into one chapter-level code node.</i></p></div>",2,Internalisation,#5d86cf,#222222,dot,20,4,#ffffff,Internalisation,2,2,"Discipline becomes a moral language for judging, repairing, or governing the individual person."
prior_home_values,prior home values,"<div style='max-width:520px; white-space:normal; overflow-wrap:anywhere; box-sizing:border-box;'><h2 style='margin-bottom:4px'>prior home values</h2><div class='node-definition-top' style='display:block;width:100%;box-sizing:border-box;margin:0.18em 0 0.34em 0;padding:0.38em 0.48em;background:rgba(255,255,255,0.86);border-left:3px solid rgba(40,40,40,0.36);white-space:normal;overflow-wrap:anywhere;word-break:break-word;line-height:1.18;'><b>Definition:</b> Discipline is traced to home, cadets, early socialisation, family values, or beliefs formed before the programme.</div><p><b>Chapter:</b> Chapter 4<br><b>Dominant theme:</b> Internalisation<br><b>Code frequency:</b> 4<br><b>Clusters represented:</b> 4</p><h3>Participant pseudonyms</h3><ul><li>Kevin Grant</li><li>Erin Sharpe</li><li>Jeremiah Black</li><li>Chaz Stonegrill</li></ul><h3>Roles</h3><ul><li>Instructor</li><li>School leader</li></ul><h3>Gender coding</h3><ul><li>Male</li><li>Female</li></ul><h3>Data sources</h3><ul><li>Interview</li></ul><h3 class='evidence-anchor-heading'>Evidence anchors</h3><div class='evidence-anchor-list'><div class='evidence-anchor-item' style='display:block;width:100%;max-width:100%;box-sizing:border-box;margin:0.14em 0 0.24em 0;padding:0.38em 0.48em;background:rgba(255,255,255,0.86);border-left:3px solid rgba(40,40,40,0.30);white-space:normal;overflow-wrap:anywhere;word-break:break-word;line-height:1.18;'><b>Kevin Grant:</b> “Discipline in the home and discipline in the military are two different disciplines. Very different.”</div><div class='evidence-anchor-item' style='display:block;width:100%;max-width:100%;box-sizing:border-box;margin:0.14em 0 0.24em 0;padding:0.38em 0.48em;background:rgba(255,255,255,0.86);border-left:3px solid rgba(40,40,40,0.30);white-space:normal;overflow-wrap:anywhere;word-break:break-word;line-height:1.18;'><b>Jeremiah Black:</b> “you can tell the homes”; “were you a cadet?”; “Very sharp”</div><div class='evidence-anchor-item' style='display:block;width:100%;max-width:100%;box-sizing:border-box;margin:0.14em 0 0.24em 0;padding:0.38em 0.48em;background:rgba(255,255,255,0.86);border-left:3px solid rgba(40,40,40,0.30);white-space:normal;overflow-wrap:anywhere;word-break:break-word;line-height:1.18;'><b>Chaz Stonegrill:</b> “first socialisation”; “Your values”; “beliefs are difficult to change”</div><div class='evidence-anchor-item' style='display:block;width:100%;max-width:100%;box-sizing:border-box;margin:0.14em 0 0.24em 0;padding:0.38em 0.48em;background:rgba(255,255,255,0.86);border-left:3px solid rgba(40,40,40,0.30);white-space:normal;overflow-wrap:anywhere;word-break:break-word;line-height:1.18;'><b>Erin Sharpe:</b> “how to save”; “no need to kind of take what is not yours”; “resources and not wasting”</div></div><p style='font-size:12px'><i>Node detail is drawn from the existing interactive network, with group-specific nodes collapsed into one chapter-level code node.</i></p></div>",4,Internalisation,#5d86cf,#222222,dot,20,4,#ffffff,Internalisation,4,4,"Discipline is traced to home, cadets, early socialisation, family values, or beliefs formed before the programme."
prior_socialisation_mismatch,"prior
socialisation
mismatch","<div style='max-width:520px; white-space:normal; overflow-wrap:anywhere; box-sizing:border-box;'><h2 style='margin-bottom:4px'>prior socialisation mismatch</h2><div class='node-definition-top' style='display:block;width:100%;box-sizing:border-box;margin:0.18em 0 0.34em 0;padding:0.38em 0.48em;background:rgba(255,255,255,0.86);border-left:3px solid rgba(40,40,40,0.36);white-space:normal;overflow-wrap:anywhere;word-break:break-word;line-height:1.18;'><b>Definition:</b> Discipline is shaped by prior culture, upbringing, community, exposure, or mismatch with military expectation.</div><p><b>Chapter:</b> Chapter 4<br><b>Dominant theme:</b> Internalisation<br><b>Code frequency:</b> 4<br><b>Clusters represented:</b> 4</p><h3>Participant pseudonyms</h3><ul><li>Kwame Dawn</li><li>Anara Birdsong</li><li>Jeremiah Black</li><li>Chaz Stonegrill</li></ul><h3>Roles</h3><ul><li>Instructor</li><li>School leader</li></ul><h3>Gender coding</h3><ul><li>Male</li><li>Female</li></ul><h3>Data sources</h3><ul><li>Interview</li><li>Focus group</li></ul><h3 class='evidence-anchor-heading'>Evidence anchors</h3><div class='evidence-anchor-list'><div class='evidence-anchor-item' style='display:block;width:100%;max-width:100%;box-sizing:border-box;margin:0.14em 0 0.24em 0;padding:0.38em 0.48em;background:rgba(255,255,255,0.86);border-left:3px solid rgba(40,40,40,0.30);white-space:normal;overflow-wrap:anywhere;word-break:break-word;line-height:1.18;'><b>Kwame Dawn:</b> “how dem fi super indisciplined, as dem reach?”</div><div class='evidence-anchor-item' style='display:block;width:100%;max-width:100%;box-sizing:border-box;margin:0.14em 0 0.24em 0;padding:0.38em 0.48em;background:rgba(255,255,255,0.86);border-left:3px solid rgba(40,40,40,0.30);white-space:normal;overflow-wrap:anywhere;word-break:break-word;line-height:1.18;'><b>Jeremiah Black:</b> “you can tell the homes”; “were you a cadet?”; “Very sharp”</div><div class='evidence-anchor-item' style='display:block;width:100%;max-width:100%;box-sizing:border-box;margin:0.14em 0 0.24em 0;padding:0.38em 0.48em;background:rgba(255,255,255,0.86);border-left:3px solid rgba(40,40,40,0.30);white-space:normal;overflow-wrap:anywhere;word-break:break-word;line-height:1.18;'><b>Chaz Stonegrill:</b> “first socialisation”; “Your values”; “beliefs are difficult to change”</div><div class='evidence-anchor-item' style='display:block;width:100%;max-width:100%;box-sizing:border-box;margin:0.14em 0 0.24em 0;padding:0.38em 0.48em;background:rgba(255,255,255,0.86);border-left:3px solid rgba(40,40,40,0.30);white-space:normal;overflow-wrap:anywhere;word-break:break-word;line-height:1.18;'><b>Anara Birdsong:</b> “I would tend to disagree with the idea that it is innate”; “culture, atmosphere, community”</div></div><p style='font-size:12px'><i>Node detail is drawn from the existing interactive network, with group-specific nodes collapsed into one chapter-level code node.</i></p></div>",4,Internalisation,#5d86cf,#222222,dot,20,4,#ffffff,Internalisation,4,4,"Discipline is shaped by prior culture, upbringing, community, exposure, or mismatch with military expectation."
public_reputation_expectation,"public reputation
expectation","<div style='max-width:520px; white-space:normal; overflow-wrap:anywhere; box-sizing:border-box;'><h2 style='margin-bottom:4px'>public reputation expectation</h2><div class='node-definition-top' style='display:block;width:100%;box-sizing:border-box;margin:0.18em 0 0.34em 0;padding:0.38em 0.48em;background:rgba(255,255,255,0.86);border-left:3px solid rgba(40,40,40,0.36);white-space:normal;overflow-wrap:anywhere;word-break:break-word;line-height:1.18;'><b>Definition:</b> Disciplined appearance is tied to public expectation, institutional reputation, or disappointment in the military.</div><p><b>Chapter:</b> Chapter 4<br><b>Dominant theme:</b> Obedience<br><b>Code frequency:</b> 3<br><b>Clusters represented:</b> 3</p><h3>Participant pseudonyms</h3><ul><li>Marley Thunder</li><li>Chaz Stonegrill</li><li>Jonathan McDermott</li></ul><h3>Roles</h3><ul><li>Instructor</li><li>School leader</li></ul><h3>Gender coding</h3><ul><li>Female</li><li>Male</li></ul><h3>Data sources</h3><ul><li>Focus group</li><li>Interview</li></ul><h3 class='evidence-anchor-heading'>Evidence anchors</h3><div class='evidence-anchor-list'><div class='evidence-anchor-item' style='display:block;width:100%;max-width:100%;box-sizing:border-box;margin:0.14em 0 0.24em 0;padding:0.38em 0.48em;background:rgba(255,255,255,0.86);border-left:3px solid rgba(40,40,40,0.30);white-space:normal;overflow-wrap:anywhere;word-break:break-word;line-height:1.18;'><b>Marley Thunder:</b> “When e discipline bruk dung now e damage e trust weh dem have fi wi.”</div><div class='evidence-anchor-item' style='display:block;width:100%;max-width:100%;box-sizing:border-box;margin:0.14em 0 0.24em 0;padding:0.38em 0.48em;background:rgba(255,255,255,0.86);border-left:3px solid rgba(40,40,40,0.30);white-space:normal;overflow-wrap:anywhere;word-break:break-word;line-height:1.18;'><b>Chaz Stonegrill:</b> “In order for them to trust in what we do, we have to be viewed as professionals with the discipline.”</div><div class='evidence-anchor-item' style='display:block;width:100%;max-width:100%;box-sizing:border-box;margin:0.14em 0 0.24em 0;padding:0.38em 0.48em;background:rgba(255,255,255,0.86);border-left:3px solid rgba(40,40,40,0.30);white-space:normal;overflow-wrap:anywhere;word-break:break-word;line-height:1.18;'><b>Jonathan McDermott:</b> “high discipline institution”; “a certain mannerism”; “if they don’t see that being portrayed… disappointed”</div></div><p style='font-size:12px'><i>Node detail is drawn from the existing interactive network, with group-specific nodes collapsed into one chapter-level code node.</i></p></div>",3,Obedience,#214f9b,#222222,dot,20,4,#ffffff,Obedience,3,3,"Disciplined appearance is tied to public expectation, institutional reputation, or disappointment in the military."
punishment_enforcement,"punishment
enforcement","<div style='max-width:520px; white-space:normal; overflow-wrap:anywhere; box-sizing:border-box;'><h2 style='margin-bottom:4px'>punishment enforcement</h2><div class='node-definition-top' style='display:block;width:100%;box-sizing:border-box;margin:0.18em 0 0.34em 0;padding:0.38em 0.48em;background:rgba(255,255,255,0.86);border-left:3px solid rgba(40,40,40,0.36);white-space:normal;overflow-wrap:anywhere;word-break:break-word;line-height:1.18;'><b>Definition:</b> Discipline is produced or learned through punishment, sanction, or enforcement.</div><p><b>Chapter:</b> Chapter 4<br><b>Dominant theme:</b> Obedience<br><b>Code frequency:</b> 2<br><b>Clusters represented:</b> 2</p><h3>Participant pseudonyms</h3><ul><li>Nkrumah Maroon</li><li>Jeremiah Black</li></ul><h3>Roles</h3><ul><li>Instructor</li><li>School leader</li></ul><h3>Gender coding</h3><ul><li>Male</li></ul><h3>Data sources</h3><ul><li>Focus group</li><li>Interview</li></ul><h3 class='evidence-anchor-heading'>Evidence anchors</h3><div class='evidence-anchor-list'><div class='evidence-anchor-item' style='display:block;width:100%;max-width:100%;box-sizing:border-box;margin:0.14em 0 0.24em 0;padding:0.38em 0.48em;background:rgba(255,255,255,0.86);border-left:3px solid rgba(40,40,40,0.30);white-space:normal;overflow-wrap:anywhere;word-break:break-word;line-height:1.18;'><b>Nkrumah Maroon:</b> “training someone to obey by using punishment”</div><div class='evidence-anchor-item' style='display:block;width:100%;max-width:100%;box-sizing:border-box;margin:0.14em 0 0.24em 0;padding:0.38em 0.48em;background:rgba(255,255,255,0.86);border-left:3px solid rgba(40,40,40,0.30);white-space:normal;overflow-wrap:anywhere;word-break:break-word;line-height:1.18;'><b>Jeremiah Black:</b> “Discipline is not really taught in the JDF. Discipline is enforced.”; “if yuh slip up, yuh get mash up”</div></div><p style='font-size:12px'><i>Node detail is drawn from the existing interactive network, with group-specific nodes collapsed into one chapter-level code node.</i></p></div>",2,Obedience,#214f9b,#222222,dot,20,4,#ffffff,Obedience,2,2,"Discipline is produced or learned through punishment, sanction, or enforcement."
repetition_habit_memory,"repetition habit
memory","<div style='max-width:520px; white-space:normal; overflow-wrap:anywhere; box-sizing:border-box;'><h2 style='margin-bottom:4px'>repetition habit memory</h2><div class='node-definition-top' style='display:block;width:100%;box-sizing:border-box;margin:0.18em 0 0.34em 0;padding:0.38em 0.48em;background:rgba(255,255,255,0.86);border-left:3px solid rgba(40,40,40,0.36);white-space:normal;overflow-wrap:anywhere;word-break:break-word;line-height:1.18;'><b>Definition:</b> Discipline becomes ingrained through repetition, drill, daily practice, brain memory, muscle memory, or habit.</div><p><b>Chapter:</b> Chapter 4<br><b>Dominant theme:</b> Internalisation<br><b>Code frequency:</b> 3<br><b>Clusters represented:</b> 3</p><h3>Participant pseudonyms</h3><ul><li>Anthony Jackson</li><li>Marcus Black</li><li>Jonathan McDermott</li></ul><h3>Roles</h3><ul><li>Instructor</li><li>School leader</li></ul><h3>Gender coding</h3><ul><li>Male</li></ul><h3>Data sources</h3><ul><li>Interview</li></ul><h3 class='evidence-anchor-heading'>Evidence anchors</h3><div class='evidence-anchor-list'><div class='evidence-anchor-item' style='display:block;width:100%;max-width:100%;box-sizing:border-box;margin:0.14em 0 0.24em 0;padding:0.38em 0.48em;background:rgba(255,255,255,0.86);border-left:3px solid rgba(40,40,40,0.30);white-space:normal;overflow-wrap:anywhere;word-break:break-word;line-height:1.18;'><b>Anthony Jackson:</b> “put out wan 60% every day”; “develop consistency”; “ability to self-regulate”</div><div class='evidence-anchor-item' style='display:block;width:100%;max-width:100%;box-sizing:border-box;margin:0.14em 0 0.24em 0;padding:0.38em 0.48em;background:rgba(255,255,255,0.86);border-left:3px solid rgba(40,40,40,0.30);white-space:normal;overflow-wrap:anywhere;word-break:break-word;line-height:1.18;'><b>Jonathan McDermott:</b> “neatness is often associated with discipline”; “works on the mind”</div><div class='evidence-anchor-item' style='display:block;width:100%;max-width:100%;box-sizing:border-box;margin:0.14em 0 0.24em 0;padding:0.38em 0.48em;background:rgba(255,255,255,0.86);border-left:3px solid rgba(40,40,40,0.30);white-space:normal;overflow-wrap:anywhere;word-break:break-word;line-height:1.18;'><b>Marcus Black:</b> “Drill being repetitive in nature will cause us to automatically change”; “brain memory and muscle memory”</div></div><p style='font-size:12px'><i>Node detail is drawn from the existing interactive network, with group-specific nodes collapsed into one chapter-level code node.</i></p></div>",3,Internalisation,#5d86cf,#222222,dot,20,4,#ffffff,Internalisation,3,3,"Discipline becomes ingrained through repetition, drill, daily practice, brain memory, muscle memory, or habit."
rule_order_tacit_norms,"rule order tacit
norms","<div style='max-width:520px; white-space:normal; overflow-wrap:anywhere; box-sizing:border-box;'><h2 style='margin-bottom:4px'>rule order tacit norms</h2><div class='node-definition-top' style='display:block;width:100%;box-sizing:border-box;margin:0.18em 0 0.34em 0;padding:0.38em 0.48em;background:rgba(255,255,255,0.86);border-left:3px solid rgba(40,40,40,0.36);white-space:normal;overflow-wrap:anywhere;word-break:break-word;line-height:1.18;'><b>Definition:</b> Discipline is located in formal rules, legal order, briefed instructions, unwritten rules, or tacit expectations.</div><p><b>Chapter:</b> Chapter 4<br><b>Dominant theme:</b> Obedience<br><b>Code frequency:</b> 4<br><b>Clusters represented:</b> 4</p><h3>Participant pseudonyms</h3><ul><li>Imani Storm</li><li>Bob Wellington</li><li>Chaz Stonegrill</li><li>Passion Purpose</li></ul><h3>Roles</h3><ul><li>School leader</li></ul><h3>Gender coding</h3><ul><li>Male</li><li>Female</li></ul><h3>Data sources</h3><ul><li>Interview</li></ul><h3 class='evidence-anchor-heading'>Evidence anchors</h3><div class='evidence-anchor-list'><div class='evidence-anchor-item' style='display:block;width:100%;max-width:100%;box-sizing:border-box;margin:0.14em 0 0.24em 0;padding:0.38em 0.48em;background:rgba(255,255,255,0.86);border-left:3px solid rgba(40,40,40,0.30);white-space:normal;overflow-wrap:anywhere;word-break:break-word;line-height:1.18;'><b>Chaz Stonegrill:</b> “not a written rule”; “becomes clear when someone fails to meet it”</div><div class='evidence-anchor-item' style='display:block;width:100%;max-width:100%;box-sizing:border-box;margin:0.14em 0 0.24em 0;padding:0.38em 0.48em;background:rgba(255,255,255,0.86);border-left:3px solid rgba(40,40,40,0.30);white-space:normal;overflow-wrap:anywhere;word-break:break-word;line-height:1.18;'><b>Bob Wellington:</b> members sign “Do’s and Don’ts” but these are “not always kept in hand for re-reading”</div><div class='evidence-anchor-item' style='display:block;width:100%;max-width:100%;box-sizing:border-box;margin:0.14em 0 0.24em 0;padding:0.38em 0.48em;background:rgba(255,255,255,0.86);border-left:3px solid rgba(40,40,40,0.30);white-space:normal;overflow-wrap:anywhere;word-break:break-word;line-height:1.18;'><b>Imani Storm:</b> “perhaps the most governed individuals inna Jamaica by the amount o’ rules”; “the Green Book”</div><div class='evidence-anchor-item' style='display:block;width:100%;max-width:100%;box-sizing:border-box;margin:0.14em 0 0.24em 0;padding:0.38em 0.48em;background:rgba(255,255,255,0.86);border-left:3px solid rgba(40,40,40,0.30);white-space:normal;overflow-wrap:anywhere;word-break:break-word;line-height:1.18;'><b>Passion Purpose:</b> “there can be unwritten rules”; “If we were to write everything, then we would have a problem.”</div></div><p style='font-size:12px'><i>Node detail is drawn from the existing interactive network, with group-specific nodes collapsed into one chapter-level code node.</i></p></div>",4,Obedience,#214f9b,#222222,dot,20,4,#ffffff,Obedience,4,4,"Discipline is located in formal rules, legal order, briefed instructions, unwritten rules, or tacit expectations."
self_discipline_personal_rule,"self discipline
personal rule","<div style='max-width:520px; white-space:normal; overflow-wrap:anywhere; box-sizing:border-box;'><h2 style='margin-bottom:4px'>self discipline personal rule</h2><div class='node-definition-top' style='display:block;width:100%;box-sizing:border-box;margin:0.18em 0 0.34em 0;padding:0.38em 0.48em;background:rgba(255,255,255,0.86);border-left:3px solid rgba(40,40,40,0.36);white-space:normal;overflow-wrap:anywhere;word-break:break-word;line-height:1.18;'><b>Definition:</b> Self-discipline is framed as the person becoming their own environment through personal rules, principles, or self-control.</div><p><b>Chapter:</b> Chapter 4<br><b>Dominant theme:</b> Internalisation<br><b>Code frequency:</b> 2<br><b>Clusters represented:</b> 2</p><h3>Participant pseudonyms</h3><ul><li>Imani Storm</li><li>Erin Sharpe</li></ul><h3>Roles</h3><ul><li>School leader</li></ul><h3>Gender coding</h3><ul><li>Male</li><li>Female</li></ul><h3>Data sources</h3><ul><li>Interview</li></ul><h3 class='evidence-anchor-heading'>Evidence anchors</h3><div class='evidence-anchor-list'><div class='evidence-anchor-item' style='display:block;width:100%;max-width:100%;box-sizing:border-box;margin:0.14em 0 0.24em 0;padding:0.38em 0.48em;background:rgba(255,255,255,0.86);border-left:3px solid rgba(40,40,40,0.30);white-space:normal;overflow-wrap:anywhere;word-break:break-word;line-height:1.18;'><b>Erin Sharpe:</b> “disciplined enough to dot each ‘I’ and cross each ‘T’ to do the wrong”</div><div class='evidence-anchor-item' style='display:block;width:100%;max-width:100%;box-sizing:border-box;margin:0.14em 0 0.24em 0;padding:0.38em 0.48em;background:rgba(255,255,255,0.86);border-left:3px solid rgba(40,40,40,0.30);white-space:normal;overflow-wrap:anywhere;word-break:break-word;line-height:1.18;'><b>Imani Storm:</b> “discipline ah di ability fi behave in a controlled environment”; “Self-discipline… You are the environment. Your rules. Your principles.”</div></div><p style='font-size:12px'><i>Node detail is drawn from the existing interactive network, with group-specific nodes collapsed into one chapter-level code node.</i></p></div>",2,Internalisation,#5d86cf,#222222,dot,20,4,#ffffff,Internalisation,2,2,"Self-discipline is framed as the person becoming their own environment through personal rules, principles, or self-control."
self_regulation_autonomy,"self regulation
autonomy","<div style='max-width:520px; white-space:normal; overflow-wrap:anywhere; box-sizing:border-box;'><h2 style='margin-bottom:4px'>self regulation autonomy</h2><div class='node-definition-top' style='display:block;width:100%;box-sizing:border-box;margin:0.18em 0 0.34em 0;padding:0.38em 0.48em;background:rgba(255,255,255,0.86);border-left:3px solid rgba(40,40,40,0.36);white-space:normal;overflow-wrap:anywhere;word-break:break-word;line-height:1.18;'><b>Definition:</b> Discipline is self-control or autonomous action without immediate prompting, supervision, mood, or external instruction.</div><p><b>Chapter:</b> Chapter 4<br><b>Dominant theme:</b> Internalisation<br><b>Code frequency:</b> 3<br><b>Clusters represented:</b> 3</p><h3>Participant pseudonyms</h3><ul><li>Anthony Jackson</li><li>Obael Stormstrong</li><li>Passion Purpose</li></ul><h3>Roles</h3><ul><li>Instructor</li><li>School leader</li></ul><h3>Gender coding</h3><ul><li>Male</li><li>Female</li></ul><h3>Data sources</h3><ul><li>Interview</li></ul><h3 class='evidence-anchor-heading'>Evidence anchors</h3><div class='evidence-anchor-list'><div class='evidence-anchor-item' style='display:block;width:100%;max-width:100%;box-sizing:border-box;margin:0.14em 0 0.24em 0;padding:0.38em 0.48em;background:rgba(255,255,255,0.86);border-left:3px solid rgba(40,40,40,0.30);white-space:normal;overflow-wrap:anywhere;word-break:break-word;line-height:1.18;'><b>Anthony Jackson:</b> “put out wan 60% every day”; “develop consistency”; “ability to self-regulate”</div><div class='evidence-anchor-item' style='display:block;width:100%;max-width:100%;box-sizing:border-box;margin:0.14em 0 0.24em 0;padding:0.38em 0.48em;background:rgba(255,255,255,0.86);border-left:3px solid rgba(40,40,40,0.30);white-space:normal;overflow-wrap:anywhere;word-break:break-word;line-height:1.18;'><b>Obael Stormstrong:</b> “Discipline is not a feeling”; “Discipline nuh have time and place”; “It is you controlling yourself”</div><div class='evidence-anchor-item' style='display:block;width:100%;max-width:100%;box-sizing:border-box;margin:0.14em 0 0.24em 0;padding:0.38em 0.48em;background:rgba(255,255,255,0.86);border-left:3px solid rgba(40,40,40,0.30);white-space:normal;overflow-wrap:anywhere;word-break:break-word;line-height:1.18;'><b>Passion Purpose:</b> “I didn’t need my instructor to tell me to get my uniform ready”; “I didn’t have to wait on a duty roster”</div></div><p style='font-size:12px'><i>Node detail is drawn from the existing interactive network, with group-specific nodes collapsed into one chapter-level code node.</i></p></div>",3,Internalisation,#5d86cf,#222222,dot,20,4,#ffffff,Internalisation,3,3,"Discipline is self-control or autonomous action without immediate prompting, supervision, mood, or external instruction."
standard_uncertainty_modelling,"standard
uncertainty
modelling","<div style='max-width:520px; white-space:normal; overflow-wrap:anywhere; box-sizing:border-box;'><h2 style='margin-bottom:4px'>standard uncertainty modelling</h2><div class='node-definition-top' style='display:block;width:100%;box-sizing:border-box;margin:0.18em 0 0.34em 0;padding:0.38em 0.48em;background:rgba(255,255,255,0.86);border-left:3px solid rgba(40,40,40,0.36);white-space:normal;overflow-wrap:anywhere;word-break:break-word;line-height:1.18;'><b>Definition:</b> The standards by which discipline is displayed or judged are unevenly known, inconsistently modelled, or role-dependent.</div><p><b>Chapter:</b> Chapter 4<br><b>Dominant theme:</b> Performativity<br><b>Code frequency:</b> 2<br><b>Clusters represented:</b> 2</p><h3>Participant pseudonyms</h3><ul><li>Paris May</li><li>Zion Bamboo</li></ul><h3>Roles</h3><ul><li>School leader</li></ul><h3>Gender coding</h3><ul><li>Female</li><li>Male</li></ul><h3>Data sources</h3><ul><li>Interview</li><li>Focus group</li></ul><h3 class='evidence-anchor-heading'>Evidence anchors</h3><div class='evidence-anchor-list'><div class='evidence-anchor-item' style='display:block;width:100%;max-width:100%;box-sizing:border-box;margin:0.14em 0 0.24em 0;padding:0.38em 0.48em;background:rgba(255,255,255,0.86);border-left:3px solid rgba(40,40,40,0.30);white-space:normal;overflow-wrap:anywhere;word-break:break-word;line-height:1.18;'><b>Paris May:</b> “a bit in the gray”; “leeway”; “The person in charge of me doesn’t even know what the standard is.”</div><div class='evidence-anchor-item' style='display:block;width:100%;max-width:100%;box-sizing:border-box;margin:0.14em 0 0.24em 0;padding:0.38em 0.48em;background:rgba(255,255,255,0.86);border-left:3px solid rgba(40,40,40,0.30);white-space:normal;overflow-wrap:anywhere;word-break:break-word;line-height:1.18;'><b>Zion Bamboo:</b> “undisciplined disciplinarian”; “looks disciplined when he’s to lead but when he’s to follow him gone rogue”</div></div><p style='font-size:12px'><i>Node detail is drawn from the existing interactive network, with group-specific nodes collapsed into one chapter-level code node.</i></p></div>",2,Performativity,#aac7ee,#222222,dot,20,4,#ffffff,Performativity,2,2,"The standards by which discipline is displayed or judged are unevenly known, inconsistently modelled, or role-dependent."
strategic_display_persona,"strategic display
persona","<div style='max-width:520px; white-space:normal; overflow-wrap:anywhere; box-sizing:border-box;'><h2 style='margin-bottom:4px'>strategic display persona</h2><div class='node-definition-top' style='display:block;width:100%;box-sizing:border-box;margin:0.18em 0 0.34em 0;padding:0.38em 0.48em;background:rgba(255,255,255,0.86);border-left:3px solid rgba(40,40,40,0.36);white-space:normal;overflow-wrap:anywhere;word-break:break-word;line-height:1.18;'><b>Definition:</b> Discipline appears as a strategic image, character, persona, Hummingbird role, or controlled appearance used to get by.</div><p><b>Chapter:</b> Chapter 4<br><b>Dominant theme:</b> Performativity<br><b>Code frequency:</b> 4<br><b>Clusters represented:</b> 4</p><h3>Participant pseudonyms</h3><ul><li>Imani Storm</li></ul><h3>Roles</h3><ul><li>School leader</li></ul><h3>Gender coding</h3><ul><li>Male</li></ul><h3>Data sources</h3><ul><li>Interview</li></ul><h3 class='evidence-anchor-heading'>Evidence anchors</h3><div class='evidence-anchor-list'><div class='evidence-anchor-item' style='display:block;width:100%;max-width:100%;box-sizing:border-box;margin:0.14em 0 0.24em 0;padding:0.38em 0.48em;background:rgba(255,255,255,0.86);border-left:3px solid rgba(40,40,40,0.30);white-space:normal;overflow-wrap:anywhere;word-break:break-word;line-height:1.18;'><b>Imani Storm:</b> “Hummingbird… quality and standard”; “Jankro, weh nuh care, eat anything”</div><div class='evidence-anchor-item' style='display:block;width:100%;max-width:100%;box-sizing:border-box;margin:0.14em 0 0.24em 0;padding:0.38em 0.48em;background:rgba(255,255,255,0.86);border-left:3px solid rgba(40,40,40,0.30);white-space:normal;overflow-wrap:anywhere;word-break:break-word;line-height:1.18;'><b>Imani Storm:</b> “mi ah go be ah Hummingbird, while I’m here, fi get to weh mi want go, to get by”</div><div class='evidence-anchor-item' style='display:block;width:100%;max-width:100%;box-sizing:border-box;margin:0.14em 0 0.24em 0;padding:0.38em 0.48em;background:rgba(255,255,255,0.86);border-left:3px solid rgba(40,40,40,0.30);white-space:normal;overflow-wrap:anywhere;word-break:break-word;line-height:1.18;'><b>Imani Storm:</b> “when you leave here, turn back into a Jankro”; “Di likkle Jankro mentality start to come out”</div><div class='evidence-anchor-item' style='display:block;width:100%;max-width:100%;box-sizing:border-box;margin:0.14em 0 0.24em 0;padding:0.38em 0.48em;background:rgba(255,255,255,0.86);border-left:3px solid rgba(40,40,40,0.30);white-space:normal;overflow-wrap:anywhere;word-break:break-word;line-height:1.18;'><b>Imani Storm:</b> “under so much lock and key and guarded”; “put up an image, a character, or persona”; “turn back into a Jankro”</div></div><p style='font-size:12px'><i>Node detail is drawn from the existing interactive network, with group-specific nodes collapsed into one chapter-level code node.</i></p></div>",4,Performativity,#aac7ee,#222222,dot,20,4,#ffffff,Performativity,4,4,"Discipline appears as a strategic image, character, persona, Hummingbird role, or controlled appearance used to get by."
surveillance_visibility,"surveillance
visibility","<div style='max-width:520px; white-space:normal; overflow-wrap:anywhere; box-sizing:border-box;'><h2 style='margin-bottom:4px'>surveillance visibility</h2><div class='node-definition-top' style='display:block;width:100%;box-sizing:border-box;margin:0.18em 0 0.34em 0;padding:0.38em 0.48em;background:rgba(255,255,255,0.86);border-left:3px solid rgba(40,40,40,0.36);white-space:normal;overflow-wrap:anywhere;word-break:break-word;line-height:1.18;'><b>Definition:</b> Discipline is shaped by being watched, guarded, locked down, corrected, or made continuously visible.</div><p><b>Chapter:</b> Chapter 4<br><b>Dominant theme:</b> Performativity<br><b>Code frequency:</b> 3<br><b>Clusters represented:</b> 3</p><h3>Participant pseudonyms</h3><ul><li>Imani Storm</li><li>Jeremiah Black</li></ul><h3>Roles</h3><ul><li>School leader</li></ul><h3>Gender coding</h3><ul><li>Male</li></ul><h3>Data sources</h3><ul><li>Interview</li></ul><h3 class='evidence-anchor-heading'>Evidence anchors</h3><div class='evidence-anchor-list'><div class='evidence-anchor-item' style='display:block;width:100%;max-width:100%;box-sizing:border-box;margin:0.14em 0 0.24em 0;padding:0.38em 0.48em;background:rgba(255,255,255,0.86);border-left:3px solid rgba(40,40,40,0.30);white-space:normal;overflow-wrap:anywhere;word-break:break-word;line-height:1.18;'><b>Jeremiah Black:</b> instructors described as “sharp and hard”</div><div class='evidence-anchor-item' style='display:block;width:100%;max-width:100%;box-sizing:border-box;margin:0.14em 0 0.24em 0;padding:0.38em 0.48em;background:rgba(255,255,255,0.86);border-left:3px solid rgba(40,40,40,0.30);white-space:normal;overflow-wrap:anywhere;word-break:break-word;line-height:1.18;'><b>Imani Storm:</b> “When you leave here, in the wider force, he’s not under much pressure as he would be here.”</div><div class='evidence-anchor-item' style='display:block;width:100%;max-width:100%;box-sizing:border-box;margin:0.14em 0 0.24em 0;padding:0.38em 0.48em;background:rgba(255,255,255,0.86);border-left:3px solid rgba(40,40,40,0.30);white-space:normal;overflow-wrap:anywhere;word-break:break-word;line-height:1.18;'><b>Imani Storm:</b> “under so much lock and key and guarded”; “put up an image, a character, or persona”; “turn back into a Jankro”</div></div><p style='font-size:12px'><i>Node detail is drawn from the existing interactive network, with group-specific nodes collapsed into one chapter-level code node.</i></p></div>",3,Performativity,#aac7ee,#222222,dot,20,4,#ffffff,Performativity,3,3,"Discipline is shaped by being watched, guarded, locked down, corrected, or made continuously visible."
trust_credibility,trust credibility,"<div style='max-width:520px; white-space:normal; overflow-wrap:anywhere; box-sizing:border-box;'><h2 style='margin-bottom:4px'>trust credibility</h2><div class='node-definition-top' style='display:block;width:100%;box-sizing:border-box;margin:0.18em 0 0.34em 0;padding:0.38em 0.48em;background:rgba(255,255,255,0.86);border-left:3px solid rgba(40,40,40,0.36);white-space:normal;overflow-wrap:anywhere;word-break:break-word;line-height:1.18;'><b>Definition:</b> Discipline is linked to trust, credibility, professionalism, or confidence within or beyond the hierarchy.</div><p><b>Chapter:</b> Chapter 4<br><b>Dominant theme:</b> Obedience<br><b>Code frequency:</b> 4<br><b>Clusters represented:</b> 4</p><h3>Participant pseudonyms</h3><ul><li>Obael Stormstrong</li><li>Ramon Brown</li><li>Marley Thunder</li><li>Chaz Stonegrill</li></ul><h3>Roles</h3><ul><li>Instructor</li><li>School leader</li></ul><h3>Gender coding</h3><ul><li>Male</li><li>Female</li></ul><h3>Data sources</h3><ul><li>Interview</li><li>Focus group</li></ul><h3 class='evidence-anchor-heading'>Evidence anchors</h3><div class='evidence-anchor-list'><div class='evidence-anchor-item' style='display:block;width:100%;max-width:100%;box-sizing:border-box;margin:0.14em 0 0.24em 0;padding:0.38em 0.48em;background:rgba(255,255,255,0.86);border-left:3px solid rgba(40,40,40,0.30);white-space:normal;overflow-wrap:anywhere;word-break:break-word;line-height:1.18;'><b>Obael Stormstrong:</b> “Dem haffi show wi that level of trust, just the same.”</div><div class='evidence-anchor-item' style='display:block;width:100%;max-width:100%;box-sizing:border-box;margin:0.14em 0 0.24em 0;padding:0.38em 0.48em;background:rgba(255,255,255,0.86);border-left:3px solid rgba(40,40,40,0.30);white-space:normal;overflow-wrap:anywhere;word-break:break-word;line-height:1.18;'><b>Marley Thunder:</b> “When e discipline bruk dung now e damage e trust weh dem have fi wi.”</div><div class='evidence-anchor-item' style='display:block;width:100%;max-width:100%;box-sizing:border-box;margin:0.14em 0 0.24em 0;padding:0.38em 0.48em;background:rgba(255,255,255,0.86);border-left:3px solid rgba(40,40,40,0.30);white-space:normal;overflow-wrap:anywhere;word-break:break-word;line-height:1.18;'><b>Ramon Brown:</b> discipline requires “you conforming and not just you teaching someone to conform”</div><div class='evidence-anchor-item' style='display:block;width:100%;max-width:100%;box-sizing:border-box;margin:0.14em 0 0.24em 0;padding:0.38em 0.48em;background:rgba(255,255,255,0.86);border-left:3px solid rgba(40,40,40,0.30);white-space:normal;overflow-wrap:anywhere;word-break:break-word;line-height:1.18;'><b>Chaz Stonegrill:</b> “In order for them to trust in what we do, we have to be viewed as professionals with the discipline.”</div></div><p style='font-size:12px'><i>Node detail is drawn from the existing interactive network, with group-specific nodes collapsed into one chapter-level code node.</i></p></div>",4,Obedience,#214f9b,#222222,dot,20,4,#ffffff,Obedience,4,4,"Discipline is linked to trust, credibility, professionalism, or confidence within or beyond the hierarchy."
unwatched_durability_test,"unwatched
durability test","<div style='max-width:520px; white-space:normal; overflow-wrap:anywhere; box-sizing:border-box;'><h2 style='margin-bottom:4px'>unwatched durability test</h2><div class='node-definition-top' style='display:block;width:100%;box-sizing:border-box;margin:0.18em 0 0.34em 0;padding:0.38em 0.48em;background:rgba(255,255,255,0.86);border-left:3px solid rgba(40,40,40,0.36);white-space:normal;overflow-wrap:anywhere;word-break:break-word;line-height:1.18;'><b>Definition:</b> Real discipline is tested by whether conduct persists when no one is watching or when inspection is absent.</div><p><b>Chapter:</b> Chapter 4<br><b>Dominant theme:</b> Performativity<br><b>Code frequency:</b> 4<br><b>Clusters represented:</b> 4</p><h3>Participant pseudonyms</h3><ul><li>Obael Stormstrong</li><li>Kwame Dawn</li><li>Kevin Jewinsky</li></ul><h3>Roles</h3><ul><li>Instructor</li><li>School leader</li></ul><h3>Gender coding</h3><ul><li>Male</li></ul><h3>Data sources</h3><ul><li>Interview</li><li>Focus group</li></ul><h3 class='evidence-anchor-heading'>Evidence anchors</h3><div class='evidence-anchor-list'><div class='evidence-anchor-item' style='display:block;width:100%;max-width:100%;box-sizing:border-box;margin:0.14em 0 0.24em 0;padding:0.38em 0.48em;background:rgba(255,255,255,0.86);border-left:3px solid rgba(40,40,40,0.30);white-space:normal;overflow-wrap:anywhere;word-break:break-word;line-height:1.18;'><b>Kwame Dawn:</b> “doing the right thing even when no one is looking”</div><div class='evidence-anchor-item' style='display:block;width:100%;max-width:100%;box-sizing:border-box;margin:0.14em 0 0.24em 0;padding:0.38em 0.48em;background:rgba(255,255,255,0.86);border-left:3px solid rgba(40,40,40,0.30);white-space:normal;overflow-wrap:anywhere;word-break:break-word;line-height:1.18;'><b>Obael Stormstrong:</b> “You can’t be real disciplined if it’s only when you’re around me”; “eye-service, eye servant ting”</div><div class='evidence-anchor-item' style='display:block;width:100%;max-width:100%;box-sizing:border-box;margin:0.14em 0 0.24em 0;padding:0.38em 0.48em;background:rgba(255,255,255,0.86);border-left:3px solid rgba(40,40,40,0.30);white-space:normal;overflow-wrap:anywhere;word-break:break-word;line-height:1.18;'><b>Obael Stormstrong:</b> “you only run when you have BFST or PT”; “because you see the crowd”; “motivation is different from discipline”</div><div class='evidence-anchor-item' style='display:block;width:100%;max-width:100%;box-sizing:border-box;margin:0.14em 0 0.24em 0;padding:0.38em 0.48em;background:rgba(255,255,255,0.86);border-left:3px solid rgba(40,40,40,0.30);white-space:normal;overflow-wrap:anywhere;word-break:break-word;line-height:1.18;'><b>Kevin Jewinsky:</b> “not about look good when the TO comes”; “it has to actually be good”</div></div><p style='font-size:12px'><i>Node detail is drawn from the existing interactive network, with group-specific nodes collapsed into one chapter-level code node.</i></p></div>",4,Performativity,#aac7ee,#222222,dot,20,4,#ffffff,Performativity,4,4,Real discipline is tested by whether conduct persists when no one is watching or when inspection is absent.
values_character_carrier,"values character
carrier","<div style='max-width:520px; white-space:normal; overflow-wrap:anywhere; box-sizing:border-box;'><h2 style='margin-bottom:4px'>values character carrier</h2><div class='node-definition-top' style='display:block;width:100%;box-sizing:border-box;margin:0.18em 0 0.34em 0;padding:0.38em 0.48em;background:rgba(255,255,255,0.86);border-left:3px solid rgba(40,40,40,0.36);white-space:normal;overflow-wrap:anywhere;word-break:break-word;line-height:1.18;'><b>Definition:</b> Discipline is presented as carrying, grounding, or enabling moral values and military character traits.</div><p><b>Chapter:</b> Chapter 4<br><b>Dominant theme:</b> Performativity<br><b>Code frequency:</b> 2<br><b>Clusters represented:</b> 2</p><h3>Participant pseudonyms</h3><ul><li>Jeremiah Black</li><li>Dwayne Andrews</li></ul><h3>Roles</h3><ul><li>School leader</li></ul><h3>Gender coding</h3><ul><li>Male</li></ul><h3>Data sources</h3><ul><li>Interview</li><li>Focus group</li></ul><h3 class='evidence-anchor-heading'>Evidence anchors</h3><div class='evidence-anchor-list'><div class='evidence-anchor-item' style='display:block;width:100%;max-width:100%;box-sizing:border-box;margin:0.14em 0 0.24em 0;padding:0.38em 0.48em;background:rgba(255,255,255,0.86);border-left:3px solid rgba(40,40,40,0.30);white-space:normal;overflow-wrap:anywhere;word-break:break-word;line-height:1.18;'><b>Dwayne Andrews:</b> “discipline is the master of them all”; “yuh can’t have Courage without it”</div><div class='evidence-anchor-item' style='display:block;width:100%;max-width:100%;box-sizing:border-box;margin:0.14em 0 0.24em 0;padding:0.38em 0.48em;background:rgba(255,255,255,0.86);border-left:3px solid rgba(40,40,40,0.30);white-space:normal;overflow-wrap:anywhere;word-break:break-word;line-height:1.18;'><b>Jeremiah Black:</b> “everything you do is judged by your core values”; “these are the things that write your military service”</div></div><p style='font-size:12px'><i>Node detail is drawn from the existing interactive network, with group-specific nodes collapsed into one chapter-level code node.</i></p></div>",2,Performativity,#aac7ee,#222222,dot,20,4,#ffffff,Performativity,2,2,"Discipline is presented as carrying, grounding, or enabling moral values and military character traits."
visible_signs_legibility,"visible signs
legibility","<div style='max-width:520px; white-space:normal; overflow-wrap:anywhere; box-sizing:border-box;'><h2 style='margin-bottom:4px'>visible signs legibility</h2><div class='node-definition-top' style='display:block;width:100%;box-sizing:border-box;margin:0.18em 0 0.34em 0;padding:0.38em 0.48em;background:rgba(255,255,255,0.86);border-left:3px solid rgba(40,40,40,0.36);white-space:normal;overflow-wrap:anywhere;word-break:break-word;line-height:1.18;'><b>Definition:</b> Discipline is judged through visible signs such as dress, deportment, neatness, mannerisms, etiquette, or what the eyes see.</div><p><b>Chapter:</b> Chapter 4<br><b>Dominant theme:</b> Performativity<br><b>Code frequency:</b> 6<br><b>Clusters represented:</b> 6</p><h3>Participant pseudonyms</h3><ul><li>Obael Stormstrong</li><li>Black Lion</li><li>James Bond</li><li>Jonathan McDermott</li><li>Lee Brown</li></ul><h3>Roles</h3><ul><li>Instructor</li><li>School leader</li></ul><h3>Gender coding</h3><ul><li>Male</li></ul><h3>Data sources</h3><ul><li>Interview</li></ul><h3 class='evidence-anchor-heading'>Evidence anchors</h3><div class='evidence-anchor-list'><div class='evidence-anchor-item' style='display:block;width:100%;max-width:100%;box-sizing:border-box;margin:0.14em 0 0.24em 0;padding:0.38em 0.48em;background:rgba(255,255,255,0.86);border-left:3px solid rgba(40,40,40,0.30);white-space:normal;overflow-wrap:anywhere;word-break:break-word;line-height:1.18;'><b>Obael Stormstrong:</b> “mannerisms, display, etiquettes”</div><div class='evidence-anchor-item' style='display:block;width:100%;max-width:100%;box-sizing:border-box;margin:0.14em 0 0.24em 0;padding:0.38em 0.48em;background:rgba(255,255,255,0.86);border-left:3px solid rgba(40,40,40,0.30);white-space:normal;overflow-wrap:anywhere;word-break:break-word;line-height:1.18;'><b>Black Lion:</b> “People work with weh dem eyes see more than wah dem hear.”</div><div class='evidence-anchor-item' style='display:block;width:100%;max-width:100%;box-sizing:border-box;margin:0.14em 0 0.24em 0;padding:0.38em 0.48em;background:rgba(255,255,255,0.86);border-left:3px solid rgba(40,40,40,0.30);white-space:normal;overflow-wrap:anywhere;word-break:break-word;line-height:1.18;'><b>Lee Brown:</b> “We just maintain the standard weh dem want.”</div><div class='evidence-anchor-item' style='display:block;width:100%;max-width:100%;box-sizing:border-box;margin:0.14em 0 0.24em 0;padding:0.38em 0.48em;background:rgba(255,255,255,0.86);border-left:3px solid rgba(40,40,40,0.30);white-space:normal;overflow-wrap:anywhere;word-break:break-word;line-height:1.18;'><b>James Bond:</b> “dress and deportment, highest standard, a disciplined individual”</div><div class='evidence-anchor-item' style='display:block;width:100%;max-width:100%;box-sizing:border-box;margin:0.14em 0 0.24em 0;padding:0.38em 0.48em;background:rgba(255,255,255,0.86);border-left:3px solid rgba(40,40,40,0.30);white-space:normal;overflow-wrap:anywhere;word-break:break-word;line-height:1.18;'><b>Jonathan McDermott:</b> “neatness is often associated with discipline”; “works on the mind”</div><div class='evidence-anchor-item' style='display:block;width:100%;max-width:100%;box-sizing:border-box;margin:0.14em 0 0.24em 0;padding:0.38em 0.48em;background:rgba(255,255,255,0.86);border-left:3px solid rgba(40,40,40,0.30);white-space:normal;overflow-wrap:anywhere;word-break:break-word;line-height:1.18;'><b>Jonathan McDermott:</b> “high discipline institution”; “a certain mannerism”; “if they don’t see that being portrayed… disappointed”</div></div><p style='font-size:12px'><i>Node detail is drawn from the existing interactive network, with group-specific nodes collapsed into one chapter-level code node.</i></p></div>",6,Performativity,#aac7ee,#222222,dot,20,4,#ffffff,Performativity,6,6,"Discipline is judged through visible signs such as dress, deportment, neatness, mannerisms, etiquette, or what the eyes see."
widened_life_governance,"widened life
governance","<div style='max-width:520px; white-space:normal; overflow-wrap:anywhere; box-sizing:border-box;'><h2 style='margin-bottom:4px'>widened life governance</h2><div class='node-definition-top' style='display:block;width:100%;box-sizing:border-box;margin:0.18em 0 0.34em 0;padding:0.38em 0.48em;background:rgba(255,255,255,0.86);border-left:3px solid rgba(40,40,40,0.36);white-space:normal;overflow-wrap:anywhere;word-break:break-word;line-height:1.18;'><b>Definition:</b> Discipline expands beyond military conduct into everyday life, money, resources, thrift, restraint, or general life management.</div><p><b>Chapter:</b> Chapter 4<br><b>Dominant theme:</b> Internalisation<br><b>Code frequency:</b> 4<br><b>Clusters represented:</b> 4</p><h3>Participant pseudonyms</h3><ul><li>Anthony Jackson</li><li>Jonathan McDermott</li><li>Erin Sharpe</li><li>Lee Brown</li></ul><h3>Roles</h3><ul><li>Instructor</li><li>School leader</li></ul><h3>Gender coding</h3><ul><li>Male</li><li>Female</li></ul><h3>Data sources</h3><ul><li>Interview</li></ul><h3 class='evidence-anchor-heading'>Evidence anchors</h3><div class='evidence-anchor-list'><div class='evidence-anchor-item' style='display:block;width:100%;max-width:100%;box-sizing:border-box;margin:0.14em 0 0.24em 0;padding:0.38em 0.48em;background:rgba(255,255,255,0.86);border-left:3px solid rgba(40,40,40,0.30);white-space:normal;overflow-wrap:anywhere;word-break:break-word;line-height:1.18;'><b>Anthony Jackson:</b> “If you disciplined with your financial spending, it ah go become easier to free yourself from poverty.”</div><div class='evidence-anchor-item' style='display:block;width:100%;max-width:100%;box-sizing:border-box;margin:0.14em 0 0.24em 0;padding:0.38em 0.48em;background:rgba(255,255,255,0.86);border-left:3px solid rgba(40,40,40,0.30);white-space:normal;overflow-wrap:anywhere;word-break:break-word;line-height:1.18;'><b>Lee Brown:</b> “dem nuh have nuh money discipline”; “Have a money discipline. Fix yourself.”</div><div class='evidence-anchor-item' style='display:block;width:100%;max-width:100%;box-sizing:border-box;margin:0.14em 0 0.24em 0;padding:0.38em 0.48em;background:rgba(255,255,255,0.86);border-left:3px solid rgba(40,40,40,0.30);white-space:normal;overflow-wrap:anywhere;word-break:break-word;line-height:1.18;'><b>Jonathan McDermott:</b> “There’s discipline in every aspect of their everyday life. Discipline is wide.”</div><div class='evidence-anchor-item' style='display:block;width:100%;max-width:100%;box-sizing:border-box;margin:0.14em 0 0.24em 0;padding:0.38em 0.48em;background:rgba(255,255,255,0.86);border-left:3px solid rgba(40,40,40,0.30);white-space:normal;overflow-wrap:anywhere;word-break:break-word;line-height:1.18;'><b>Erin Sharpe:</b> “how to save”; “no need to kind of take what is not yours”; “resources and not wasting”</div></div><p style='font-size:12px'><i>Node detail is drawn from the existing interactive network, with group-specific nodes collapsed into one chapter-level code node.</i></p></div>",4,Internalisation,#5d86cf,#222222,dot,20,4,#ffffff,Internalisation,4,4,"Discipline expands beyond military conduct into everyday life, money, resources, thrift, restraint, or general life management."
